target_city,id,name,city,country,source,address,latitude,longitude
"London","8ffcba96-07cd-44cf-bc01-f34d57938f5f","Sobe","London","United Kingdom","osm-import-2026-04","","51.5932857","-0.3352942"
"London","a8ff4853-fdee-421e-a020-9e7e11be17db","Oat Coffee","London","United Kingdom","osm-import-2026-04","154 Brick Lane","51.5220518","-0.0715395"
"London","9c6fe194-053e-4b4f-b7b3-5c110d76f9cd","T. Rex Restaurant","London","United Kingdom","osm-import-2026-04","","51.4964443","-0.1758919"
"London","77ea448b-9caa-4662-883c-a18133427a11","Roni's Bagel Bakery","London","United Kingdom","osm-import-2026-04","","51.5616732","-0.1506369"
"London","a365c0d9-2c02-4ca1-ade3-588f0d716608","Jam delish","London","United Kingdom","osm-import-2026-04","","51.4348305","-0.185395"
"London","3ad6461b-ccef-445d-9bec-e4ef4d62e367","The Bagel Guys","London","United Kingdom","osm-import-2026-04","","51.5375142","-0.0586936"
"London","7ac7439d-9560-491e-86ee-1c0317615a35","Holy Carrot","London","United Kingdom","openstreetmap","156 Portobello Road, Greater London, W11 2EB, United Kingdom","51.5151789","-0.2044389"
"London","188a9bc1-ab0c-44f9-a751-28a37d94bfce","Uncle Tibo’s","London","United Kingdom","osm-import-2026-04","299 Kirkdale","51.4273958","-0.0560864"
"London","771822e8-bdbc-4736-8f9c-3cae742bff75","Sky Pavillion","London","United Kingdom","osm-import-2026-04","","51.4872991","-0.3272918"
"London","828153e5-fd9b-49bb-a264-691fa7cda14c","Global Cafe","London","United Kingdom","osm-import-2026-04","Fox Burrow Road","51.6131879","0.1314059"
"London","2e26f634-c8cb-425e-9734-eb9cfb4789a0","Our Cafe","London","United Kingdom","osm-import-2026-04","","51.5668335","-0.216773"
"London","7b156fcd-307d-4767-bac4-07c099fb7d87","Vegan Burger Camden","London","United Kingdom","openstreetmap","Camden Lock Place","51.5415913","-0.1462522"
"London","abd7f852-c97d-43f1-ac0d-e47069842d61","Bandito Burger","London","United Kingdom","osm-import-2026-04","","51.5424294","-0.0212467"
"London","4c3c9b0c-a174-4d6a-a470-733caceb00c1","The Constitution","London","United Kingdom","osm-import-2026-04","","51.5403115","-0.1354252"
"London","30bd212d-ac03-43b2-af65-604babac1eff","Terra Rossa","London","United Kingdom","osm-import-2026-04","","51.539491","-0.1026162"
"London","c692f269-46ca-4e2f-baa0-3f98b9eaf1c6","The Perry Hill","London","United Kingdom","osm-import-2026-04","","51.4362614","-0.0346656"
"London","d411e2e9-525c-453e-9d50-27ddad035d2d","Ginger Jules Café","London","United Kingdom","osm-import-2026-04","Gordon Square","51.5238491","-0.1302321"
"London","7cb2d8cf-7e75-4603-aec5-128ab7a3dbac","Saigon Food","London","United Kingdom","osm-import-2026-04","24 Catford Broadway","51.445489","-0.0212684"
"London","87602fa7-b72a-4e62-91cd-78af2e774ff3","VBelly","London","United Kingdom","osm-import-2026-04","","51.4292612","-0.1655202"
"London","077f9915-ceea-4fcb-9972-d2ff2854d477","Optical Revolution","London","United Kingdom","osm-import-2026-04","29 Winslade Way","51.446124","-0.0206189"
"London","3470fa41-b65e-46df-a313-9f22abbb9b54","The food map co","London","United Kingdom","osm-import-2026-04","","51.5114594","-0.0428253"
"London","d1df33ad-4172-46da-8fa4-1e71d6f1ec76","Gusto","London","United Kingdom","osm-import-2026-04","","51.5043479","-0.104778"
"London","daebede6-99d5-4931-b659-6cdb210cbd20","The Humble Veg","London","United Kingdom","osm-import-2026-04","","51.5028783","-0.3164812"
"London","e3f0fbbc-77cc-472e-86e7-ef69489a53e5","Young Vegans Pie & Mash","London","United Kingdom","osm-import-2026-04","60 Camden Lock Place","51.5412837","-0.1466779"
"London","d398159e-2486-494a-afc3-b17f3e2bb1cb","Ahimsa The Vegan Cafe","London","United Kingdom","osm-import-2026-04","","51.5946261","-0.3826496"
"London","0f1af42f-3186-454f-b7de-33806dcfc22c","M'eat the Vegans","London","United Kingdom","osm-import-2026-04","","51.542384","-0.1483348"
"London","b9ad452d-584f-459a-b0b2-8650b5432a7d","Mitthi Mumbai","London","United Kingdom","osm-import-2026-04","109 Pinner Road","51.6023448","-0.4087391"
"London","359ce95a-cb3a-4dfe-b359-390e838cf77f","Merkamo","London","United Kingdom","osm-import-2026-04","","51.5196942","-0.0749274"
"London","4be476d2-2911-438d-ab37-a9be29fa322b","Kingly Court","London","United Kingdom","osm-import-2026-04","Kingly Court","51.5126512","-0.13876"
"London","d0f8ad42-728b-4c29-9732-eec088712015","Aydjn Organic","London","United Kingdom","osm-import-2026-04","","51.5790198","-0.0815673"
"London","1fee808b-6f0c-4ac4-84eb-285e168f20b9","Abla","London","United Kingdom","osm-import-2026-04","","51.5200077","-0.14246"
"London","6ea85058-013b-4b6e-9588-4efe7bceda6b","ila Desserts Café","London","United Kingdom","osm-import-2026-04","125-131 Westminster Bridge Road","51.4994185","-0.1138443"
"London","824ee31a-1233-48ef-afc4-735fcb81ec47","Shimla Pinks","London","United Kingdom","osm-import-2026-04","","51.4970859","-0.035136"
"London","214c7d46-7025-4f2a-a524-dba7e639c586","Maids of Honour","London","United Kingdom","osm-import-2026-04","","51.481297","-0.2801118"
"London","e1514a42-0cf6-42d5-9ab2-1e4a1c155776","su","London","United Kingdom","openstreetmap","86 Uxbridge Road","51.5046248","-0.2205294"
"London","93b27ce3-bbb9-445a-aed7-c65121fc46fa","Bloomsbury Coffee Co","London","United Kingdom","osm-import-2026-04","","51.5231506","-0.1245277"
"London","1cd0d259-ce8b-43e4-9940-3637a191a7ff","Cream Vegan Pastries Café","London","United Kingdom","openstreetmap","46 Bedford Street, London, WC2E 9HA, United Kingdom","51.5100892","-0.1236859"
"London","ab7cf19d-0036-4166-b57b-d9634def136e","Oat","London","United Kingdom","osm-import-2026-04","","51.5246429","-0.0779843"
"London","b51465d2-8c5f-4df1-a5b6-b3b5869cd08a","Venchi","London","United Kingdom","osm-import-2026-04","","51.4823582","-0.1447516"
"London","c9de10b3-8681-4d0c-9cd1-af69acf166a4","The Station Pantry","London","United Kingdom","osm-import-2026-04","","51.5317471","-0.1263722"
"London","6cc7e093-c66d-4e4c-8add-01627b04d264","Sushi and Bowls","London","United Kingdom","osm-import-2026-04","","51.5262935","-0.0773909"
"London","4337908a-1574-4548-bf06-6a51327349bf","Falafel fellas","London","United Kingdom","osm-import-2026-04","","51.5502684","-0.1644988"
"London","18aac32c-01b5-4f23-bebf-9058f895d690","WAVE","London","United Kingdom","openstreetmap","Evering Road, Greater London, N16 7NL, United Kingdom","51.5573545","-0.0737772"
"London","8f5fa1a2-bdae-47b7-9efa-3a0083eb63a0","Temple of Seitan","London","United Kingdom","openstreetmap","128 Acre Lane, United Kingdom","51.4596664","-0.1244254"
"London","0db4955e-3c1d-49b0-91d9-0b078aa04103","Highbury Natural","London","United Kingdom","openstreetmap","21 Highbury Park, London, United Kingdom","51.5541542","-0.0982801"
"London","aa11502f-2bad-4bd1-bd3f-24241f7af283","crepeaffair","London","United Kingdom","osm-import-2026-04","","51.5355476","-0.1032413"
"London","dcbb851c-4cc0-4a8a-9062-88a6ff52f081","Chi Vegan Noodle Bar","London","United Kingdom","vegguide-import-2026-04-17","55 St. Martin's Lane","51.5107","-0.127001"
"London","b3c263f1-7e50-4eac-b192-4c5ed05a5e53","EN ROOT","London","United Kingdom","osm-import-2026-04","5 Ascot Parade Clapham Park Road","51.4598671","-0.129576"
"London","ecf788af-d0ad-42ee-8001-a39cdc27b11e","La Gelatiera","London","United Kingdom","osm-import-2026-04","","51.5084067","-0.1085532"
"London","2aa951f7-1be7-483c-9ca4-0ed59dd89f5a","Chislehurst Caves","London","United Kingdom","osm-import-2026-04","","51.4072541","0.0579532"
"London","ee3aaa13-146a-4a20-b509-e0c15a788d29","Pockets","London","United Kingdom","openstreetmap","Mentmore Terrace, London, E8 3RR, United Kingdom","51.5388453","-0.0581571"
"London","9f4f2cbc-7db7-428f-a765-bb1c3da3fc9d","King Cookdaily","London","United Kingdom","openstreetmap","10 Hanbury Street, London, E1 6QR, United Kingdom","51.5202107","-0.0739472"
"London","ef750cfc-7949-4989-8193-2cd1d5b3c414","Hub Café","London","United Kingdom","osm-import-2026-04","","51.5935157","-0.0873071"
"London","b32def61-f9ed-47cf-b8c0-fa56035b003f","Locatelli's","London","United Kingdom","osm-import-2026-04","","51.5085652","-0.1298451"
"London","53da6ad2-92a9-4cfc-9a4b-92cdd8127fe9","Essential Cafe","London","United Kingdom","openstreetmap","White Post Lane, Greater London, E9 5EN, United Kingdom","51.5425533","-0.0219627"
"London","19960b40-04a3-429e-9fa2-83de6fc78f0d","Village Cream","London","United Kingdom","osm-import-2026-04","40 Morpeth Road","51.5365846","-0.0443656"
"London","fa612311-74b4-4655-927b-cff02e307b84","All that Falafel","London","United Kingdom","osm-import-2026-04","","51.5052866","-0.089089"
"London","489d5d8d-2803-4b84-99ea-11a906d94f8d","Crosstown","London","United Kingdom","osm-import-2026-04","","51.5048302","-0.0862823"
"London","fffc0dc1-c814-492e-90b6-1ff1933183f8","Neat","London","United Kingdom","openstreetmap","Bishopsgate, City of London, EC2M 4QD, United Kingdom","51.5188652","-0.0795498"
"London","309d8e7c-7c2f-4e36-ad75-06dd4e94103e","Slice Guys","London","United Kingdom","osm-import-2026-04","","51.6036735","-0.3389851"
"London","875e136e-0fed-48e5-8b84-1dff102839c6","All Nations Vegan House","London","United Kingdom","openstreetmap","41 Stoke Newington High Street, London, N16 8DR, United Kingdom","51.5584683","-0.0745263"
"London","c30dd3f2-5968-4104-ba75-f68d5964af08","Beza vegan food","London","United Kingdom","openstreetmap","8A Sayer Street, United Kingdom","51.4919795","-0.0964642"
"London","3c28cb28-4ff0-47e9-9a44-9061bca0d130","MealTime Malatang","London","United Kingdom","openstreetmap","34 Goodge Street, London, United Kingdom","51.5196776","-0.1352048"
"London","7dde61fd-1b01-47ba-9809-d76ecbc69ec7","Bean's Cafe","London","United Kingdom","openstreetmap","1 Maple Path, London, United Kingdom","51.5557255","-0.0665325"
"London","f77dca9c-edbb-46ae-a99e-602e74142148","Zionly Manna Vegan Rastarant","London","United Kingdom","openstreetmap","9 Market Place, London, SE16 3UQ, United Kingdom","51.4927277","-0.0636325"
"London","62289d09-31e4-4eee-8425-00eb905d3648","The Hatch","London","United Kingdom","osm-import-2026-04","","51.5333389","-0.0428638"
"London","91abcbf7-fe51-4efa-8929-b9291d8891f6","Sawasdee","London","United Kingdom","osm-import-2026-04","239-243 Mare Street","51.5423334","-0.0554852"
"London","b8b5175b-61c9-441e-9ec5-f2a8968f8ee9","Buns From Home","London","United Kingdom","osm-import-2026-04","","51.5350088","-0.1036096"
"London","3709c49f-b920-4fcc-b8bc-96e8fc96d95d","Sugo82","London","United Kingdom","osm-import-2026-04","","51.5375159","-0.0586447"
"London","3789e923-8c9b-4442-aad6-9c58ea280696","Dirty Vegan","London","United Kingdom","osm-import-2026-04","","51.5076336","-0.2214825"
"London","740640bc-44a7-490a-9c8a-9aa34439201e","Daebak","London","United Kingdom","osm-import-2026-04","316-318 Kennington Lane","51.4865521","-0.1190103"
"London","b30c780d-57fa-47a4-b4fe-5507a88332de","Isra's Kitchen","London","United Kingdom","osm-import-2026-04","","51.4891426","-0.1917113"
"London","6cb3be09-9749-4c5d-a857-8cd200affb3a","Jupiter Burger","London","United Kingdom","osm-import-2026-04","","51.5375158","-0.0587657"
"London","5c9d1313-4baf-4dc2-ae27-4fe911d7650a","Waltham Forest Vegan Market","London","United Kingdom","openstreetmap","High Street, Greater London, E17 7PP, United Kingdom","51.5817708","-0.0327019"
"Berlin","0ac244fe-1aa7-41d9-b801-061db1bf5c6d","La Cesta","Berlin","Germany","osm-import-2026-04","","52.5027327","13.4548404"
"Berlin","6cfc0e42-3324-4c4e-8ac2-6ab5aaee08fa","Donau101","Berlin","Germany","osm-import-2026-04","101 Donaustraße","52.4816368","13.4373155"
"Berlin","15ed2caf-b109-4485-b0ad-13e2ba4c0ebc","Adak","Berlin","Germany","osm-import-2026-04","","52.5529051","13.4056573"
"Berlin","173438f9-399b-457d-baa9-1b8908caa8d2","Albero","Berlin","Germany","osm-import-2026-04","","52.5314552","13.3622283"
"Berlin","e0e0086e-0304-4f80-9ed1-719d15c7d833","Pho Quan Tuan","Berlin","Germany","osm-import-2026-04","","52.5333595","13.4290459"
"Berlin","5e6e0969-5c1a-4d66-a5c0-3d7c57891459","by Sultan's","Berlin","Germany","osm-import-2026-04","","52.5057775","13.5615384"
"Berlin","859e5660-7ae8-4ab2-86db-13c8231cc299","Ga Ya Ya","Berlin","Germany","openstreetmap","11 Reinhardtstraße, Berlin, 10117, Deutschland","52.5235009","13.3860357"
"Berlin","9373b7a5-786f-4131-8e9e-0e3170b4d60e","Döner Kebab","Berlin","Germany","osm-import-2026-04","","52.5356939","13.2004075"
"Berlin","5390597e-c5f8-446b-9232-06c2fbd52d09","Chungking Noodles","Berlin","Germany","osm-import-2026-04","35 Reichenberger Straße","52.4973335","13.4232121"
"Berlin","ad1fa220-8f3e-41e3-82a8-dad25afe16f6","Curry and Fritz","Berlin","Germany","osm-import-2026-04","","52.5806527","13.4015219"
"Berlin","4bac578d-b84d-4735-9352-6f246eb5afcd","Truman Cafe Edeka Schäfers","Berlin","Germany","osm-import-2026-04","","52.4518489","13.2705479"
"Berlin","bf332a77-6266-4c05-8f15-739681b22084","Geheimwaffel","Berlin","Germany","osm-import-2026-04","","52.5741253","13.3583612"
"Berlin","b29f2380-cf07-47ba-b41d-942b20dc5dba","Akito","Berlin","Germany","osm-import-2026-04","","52.5238713","13.3868725"
"Berlin","87606dd6-a973-426f-8dd3-6ef9d9d3ea16","Hoongy","Berlin","Germany","osm-import-2026-04","5 Chausseestraße","52.5278787","13.3866856"
"Berlin","3ad276e7-1f63-4600-9379-853ba07bc0b2","Asia Imbiss","Berlin","Germany","osm-import-2026-04","","52.4292515","13.329718"
"Berlin","25170a97-f76d-48f9-9067-0d9f68ec5e12","East Side Burrito","Berlin","Germany","osm-import-2026-04","","52.5113225","13.4524605"
"Berlin","1be7c588-67a7-4bde-bf46-4039908175c5","MOM's vegan cooking","Berlin","Germany","openstreetmap","37 Dircksenstraße, Berlin, 10178, Germany","52.5233173","13.4081119"
"Berlin","af37d127-888b-43c0-8337-9e5f1d79b6c9","Humbaba","Berlin","Germany","openstreetmap","85 Turmstraße","52.5263088","13.3382169"
"Berlin","23ab9e19-37af-4d50-a516-bbc1807c9c66","Garda Pizza","Berlin","Germany","osm-import-2026-04","","52.4869733","13.3577872"
"Berlin","46064007-201c-4452-a7ee-cc371e63a382","Taquito Mío","Berlin","Germany","osm-import-2026-04","122 Boxhagener Straße","52.5141069","13.4541391"
"Berlin","12909eff-38fc-462b-93de-0bbbba9a8e66","Cinnamon Waffel","Berlin","Germany","osm-import-2026-04","","52.5112915","13.4566158"
"Berlin","7612fe2c-df07-42c4-b717-e53d81399604","QB Vegan","Berlin","Germany","openstreetmap","11 Hobrechtstraße, Berlin, 12047, Germany","52.4875552","13.4271095"
"Berlin","3e7c27e7-a538-47df-8813-5fce8e490ba2","vegup","Berlin","Germany","openstreetmap","48 Möckernstraße","52.493169","13.3793154"
"Berlin","03cf8de0-434c-4ef9-97cc-e66cc04c2336","U-Back","Berlin","Germany","osm-import-2026-04","","52.5124608","13.4892499"
"Berlin","01c29916-6dbc-498d-a6c2-3ead8a4a12c7","Annamaria","Berlin","Germany","osm-import-2026-04","","52.537866","13.4177261"
"Berlin","61db0c31-50b0-4d8d-978d-ab5d22a5c8f2","Element Five","Berlin","Germany","openstreetmap","46b Skalitzer Straße, Berlin, 10997, Germany","52.4989531","13.4310242"
"Berlin","03f5f543-6f75-44d5-b732-a510a8e6f9ed","Kult Eis","Berlin","Germany","osm-import-2026-04","18 Gleimstraße","52.5471768","13.409045"
"Berlin","b43ab599-37a3-4d6a-aaa8-12ab033817dc","Kaffee Container","Berlin","Germany","osm-import-2026-04","","52.5257843","13.3822169"
"Berlin","7d41fbbd-aaaf-46dd-9882-666f52024e25","Holi Cow","Berlin","Germany","openstreetmap","22 Kienitzer Straße","52.4772539","13.4353975"
"Berlin","17020790-73a2-4994-8b10-23e63e9eedf4","Fresh Go","Berlin","Germany","osm-import-2026-04","","52.513864","13.4755015"
"Berlin","176afaba-09df-4ab3-add7-a3c9e9fac50d","Giardino Verde","Berlin","Germany","osm-import-2026-04","","52.538159","13.5703736"
"Berlin","10e7460b-5eda-4a87-aef2-41774b3cd878","Barlys","Berlin","Germany","openstreetmap","19 Rheinstraße, Berlin, 12161, Germany","52.4688809","13.3322025"
"Berlin","07a35b54-2d8d-455c-a642-f4384f34fc14","Sfera","Berlin","Germany","openstreetmap","42/44 Schudomastraße, Berlin, 12055, Germany","52.473928","13.4503746"
"Berlin","2b0abfc9-4da2-426c-9691-cabea6bb05be","Yilis Döner","Berlin","Germany","osm-import-2026-04","","52.5813088","13.3640706"
"Berlin","20c55630-9e46-47c7-9e78-399fa26ea7dd","China King Box","Berlin","Germany","osm-import-2026-04","","52.5666731","13.3625186"
"Berlin","a39e12e6-8086-4e98-a37e-1d6e0d693b06","Dar4","Berlin","Germany","openstreetmap","95 Reinickendorfer Straße","52.5476478","13.3689391"
"Berlin","23a6db27-4265-4d66-bfeb-1c7b4306b7cc","Smack Burger","Berlin","Germany","osm-import-2026-04","66 Badstraße","52.5503075","13.3847325"
"Berlin","24048240-0664-434b-a4ea-b17c8c3adcaf","Häagen-Dazs","Berlin","Germany","osm-import-2026-04","224 Kurfürstendamm","52.5031852","13.3297086"
"Berlin","2d3d7207-d67c-4cf9-a3a7-d3a2dd34784c","The Eight","Berlin","Germany","osm-import-2026-04","139 Karl-Marx-Straße","52.4771156","13.4391188"
"Berlin","8407e290-5e89-4f15-9e52-c368e1bcc67c","Baffel's","Berlin","Germany","osm-import-2026-04","92 Gartenstraße","52.5319525","13.3892274"
"Berlin","4af5b259-7e44-4bea-8990-886b4fa9df60","Anka","Berlin","Germany","osm-import-2026-04","85 Chausseestraße","52.5375909","13.373612"
"Berlin","111ae337-20ce-43f8-8f79-c2abad065bee","Nordsee","Berlin","Germany","osm-import-2026-04","","52.4600273","13.3234688"
"Berlin","7ed87701-f872-494e-9642-41eb3a2a5c1d","Bakery Cult Coffee","Berlin","Germany","osm-import-2026-04","","52.4925239","13.4582683"
"Berlin","b4aff1c9-0f6e-43d6-9f2f-273e31ad9600","Bergamotto","Berlin","Germany","osm-import-2026-04","4a Bahnhofstraße","52.4699386","13.3400378"
"Berlin","b69280f7-c4c8-452d-a303-bb6a37f77bc9","Vietnam Today","Berlin","Germany","osm-import-2026-04","","52.5128804","13.6120223"
"Berlin","3e6c59ed-9633-439c-9216-8ab789103b7e","Metropol Cafe & Bistro","Berlin","Germany","osm-import-2026-04","","52.5773608","13.4285823"
"Berlin","eae8da95-c304-478b-be46-daed46807bf7","Asia Imbiss","Berlin","Germany","osm-import-2026-04","","52.5124693","13.5888854"
"Berlin","e32d2a7f-0196-40dc-be37-ad4ea0da674d","Inflagranti","Berlin","Germany","osm-import-2026-04","64 Weichselstraße","52.484265","13.4327273"
"Berlin","90013e40-aeac-496d-932d-fc12979ad111","Kimchi Heim","Berlin","Germany","osm-import-2026-04","","52.4495838","13.3486242"
"Berlin","48b7184c-241b-444e-97d7-9286f3ba3f40","The Noodle Town Mitte","Berlin","Germany","osm-import-2026-04","","52.5239329","13.3996615"
"Berlin","719af86e-6b74-4129-8f49-b7f8fd1e36f8","Emira","Berlin","Germany","openstreetmap","72a Schönhauser Allee, Berlin, 10437, Germany","52.5484428","13.4139295"
"Berlin","4e3cdcc3-aa50-4ae0-8e38-1760c4d9f484","Kantini","Berlin","Germany","osm-import-2026-04","","52.5056246","13.3376779"
"Berlin","8d277fa6-fec8-4930-802c-937514e54e7c","Dal Tokki","Berlin","Germany","openstreetmap","83 Prinzenallee, Berlin, 13357, Germany","52.553746","13.3824284"
"Berlin","57756fd4-d5ec-4c8d-8b7e-5a3763dc5f8e","Schloss Döner","Berlin","Germany","osm-import-2026-04","","52.4633965","13.3266735"
"Berlin","56b09d22-880a-4740-b176-82e6504fcc9c","MODU","Berlin","Germany","osm-import-2026-04","","52.5398343","13.4183924"
"Berlin","5baabd42-2dac-481c-aebc-96ef781fbe38","Frittenwerk","Berlin","Germany","osm-import-2026-04","69 Friedrichstraße","52.512264","13.389813"
"Berlin","1441d278-ce70-457d-a73a-1dcbe632f948","Scooby Doo","Berlin","Germany","osm-import-2026-04","4 Georg-Wilhelm-Straße","52.4983652","13.2906087"
"Berlin","5dcfd6eb-a123-4358-b1df-c7f780beb338","Kantine Universal","Berlin","Germany","osm-import-2026-04","1 Stralauer Allee","52.5019799","13.4480109"
"Berlin","d52120d9-c78a-4f21-8f0d-b1a0778d8724","Kaplan","Berlin","Germany","osm-import-2026-04","","52.5493267","13.4133333"
"Berlin","9baf7116-7add-46cc-9b9f-e15ef549f631","TAS Gemüse Kebap","Berlin","Germany","osm-import-2026-04","","52.4365848","13.3456339"
"Berlin","26a9e3fa-5138-4624-a61f-80ccb3555979","Roj Cafe Bar","Berlin","Germany","osm-import-2026-04","","52.5167174","13.461201"
"Berlin","89b5514a-ed87-4fc4-a4ad-6536690aec09","Indian Express","Berlin","Germany","osm-import-2026-04","","52.5132681","13.4626092"
"Berlin","96320b6e-9f7a-4305-8c62-e52b7564b7b0","PENNY","Berlin","Germany","osm-import-2026-04","4 Gerichtstraße","52.5430038","13.3782502"
"Berlin","0ff5ba19-cfc2-4826-94a4-17fe5d0a0d15","Gemüse Kebab Food Station","Berlin","Germany","osm-import-2026-04","","52.5205112","13.4626972"
"Berlin","056f3a88-309d-4e76-953a-a28f7127a30c","Green Scoop","Berlin","Germany","osm-import-2026-04","71 Boxhagener Straße","52.506682","13.4694782"
"Berlin","5d1377fc-d2cc-482e-a18f-72a39570b156","Eissalon Kiez & Kugel","Berlin","Germany","osm-import-2026-04","48 Eisenbahnstraße","52.5010414","13.4310567"
"Berlin","ca273952-5da8-4240-ac89-ecf3c96f6a55","Eislabor","Berlin","Germany","osm-import-2026-04","32 Raumerstraße","52.5417617","13.4221348"
"Berlin","5a6652bc-db5f-4d09-9132-196183970543","Mert","Berlin","Germany","osm-import-2026-04","38 Hobrechtstraße","52.4931839","13.4257"
"Berlin","6ee26bfe-6b92-4816-ab09-96801b18d5fa","Dolce Freddo","Berlin","Germany","osm-import-2026-04","7 Stargarder Straße","52.5471962","13.4158666"
"Berlin","cd032525-6e19-46f8-a270-88d2558fcb37","Phò Tò","Berlin","Germany","osm-import-2026-04","","52.5706989","13.3612052"
"Berlin","c8bcc9ff-a6e9-4efd-ac20-91b5cd051ba1","Ein Moment","Berlin","Germany","osm-import-2026-04","26a Lehrter Straße","52.5331947","13.3601271"
"Berlin","61e8d291-e894-4efa-8d17-7171c78d3bf2","Si Remy","Berlin","Germany","osm-import-2026-04","35 Samariterstraße","52.5159628","13.464726"
"Berlin","dd2dd912-85c3-4983-bec3-595cdc3afdb1","Alnatura Café-Bar","Berlin","Germany","osm-import-2026-04","","52.5267982","13.3327838"
"Berlin","6fd4addb-2048-4dfe-be56-3e49f6b4c6f2","Burger Brothers","Berlin","Germany","osm-import-2026-04","9 Berliner Straße","52.5882222","13.2847639"
"Berlin","67a6dc6b-7e0b-484c-b1cf-34cb1f22c9dc","Asia Food & Sushi Bar","Berlin","Germany","osm-import-2026-04","","52.4939184","13.387988"
"Berlin","fb60ed4a-1033-4ae0-81ed-351c1a1971b4","Eis Azzura","Berlin","Germany","osm-import-2026-04","","52.4954747","13.4201837"
"Berlin","d3623336-c765-433e-8f27-b9dc512efe58","BurgerSteig","Berlin","Germany","osm-import-2026-04","43 Falckensteinstraße","52.4996289","13.4436532"
"Berlin","5eb2ff44-5269-4ee3-9f4e-80aeac1031f7","Burger Vision","Berlin","Germany","osm-import-2026-04","","52.5294342","13.4004579"
"Berlin","0e25fdbe-030c-4129-9525-35e696c5a6ad","NaturEis","Berlin","Germany","osm-import-2026-04","2 Gärtnerstraße","52.5083373","13.4598364"
"Berlin","e7ec9efb-6e8b-4e26-8b66-ba66ecc27e57","Humboldt-Café","Berlin","Germany","osm-import-2026-04","","52.5273031","13.3728895"
"Berlin","bace6968-41be-45e9-b4c2-059180844665","Café Jasmino","Berlin","Germany","osm-import-2026-04","","52.5656447","13.4128476"
"Berlin","eb0e039c-3af6-4dc1-a73b-e417b3724615","Dewi's Kebaphaus","Berlin","Germany","osm-import-2026-04","","52.4697381","13.3417636"
"Berlin","3e1db138-2ddf-4896-8372-47a02ea46347","Alphi's Eis","Berlin","Germany","osm-import-2026-04","33 Heynstraße","52.5652422","13.4027943"
"Berlin","785aa401-b5d4-478a-acd7-df09d4e7a60e","Café Dreifünf","Berlin","Germany","osm-import-2026-04","35 Sonnenallee","52.4861167","13.4307223"
"Berlin","6b79318a-10c9-4541-9d3c-430a79c712b3","King Schawarma","Berlin","Germany","osm-import-2026-04","","52.5515619","13.3823426"
"Berlin","ea9bf08d-9412-411e-bf4e-56e93dc129dc","Lalibela","Berlin","Germany","osm-import-2026-04","","52.4949741","13.4231677"
"Berlin","f6d1ff99-222b-4dcd-87ae-080d6ba10e83","beets&roots","Berlin","Germany","osm-import-2026-04","","52.5102508","13.3769812"
"Berlin","f66a9ce9-cd5c-4678-b17d-0353bcd1de05","Parkimbiss bei Murat","Berlin","Germany","osm-import-2026-04","","52.4839625","13.3265846"
"Berlin","d3fceef4-dcdc-41e3-9923-d76c5643ceb3","Kebap House","Berlin","Germany","osm-import-2026-04","","52.5491994","13.3886762"
"Berlin","6cd5bcc9-c482-4268-a148-0b6d870392c7","Grillo","Berlin","Germany","openstreetmap","32 Frankfurter Allee","52.5148775","13.4610282"
"Berlin","e2bce3ba-fed4-4cc1-ad25-cd783b6566a3","Paris Café","Berlin","Germany","osm-import-2026-04","5 Alt-Tegel","52.5895134","13.2825568"
"Berlin","6f92003e-958d-4f93-a4f9-e9a61edd6b1e","Saigon Dragon","Berlin","Germany","osm-import-2026-04","35 Grünberger Straße","52.5123561","13.4539504"
"Berlin","7441cc2c-701c-49c1-91e9-19ac960b2258","Blumen Eiscafé","Berlin","Germany","osm-import-2026-04","","52.4898715","13.3868647"
"Berlin","aecbe17c-b776-47cb-9415-14df4f5165dc","Chay35","Berlin","Germany","osm-import-2026-04","35 Eberswalder Straße","52.5414382","13.4090751"
"Berlin","b76b1d15-fa9c-4477-a511-589a056fc794","VND – Viet Next Door","Berlin","Germany","openstreetmap","73 Schillerstraße, Berlin, 10627, Germany","52.5097631","13.3041565"
"Berlin","9e89454d-11a2-4da2-aa6e-0677528dd9d9","Faldon Eismanufaktur","Berlin","Germany","osm-import-2026-04","104 Otto-Suhr-Allee","52.5173455","13.3077236"
"Berlin","7919c2bd-a60f-40a9-a57d-98a6b26990c7","Khan Döner","Berlin","Germany","osm-import-2026-04","","52.5538407","13.413882"
"Berlin","763b780d-c059-4530-9ed2-b27ec77b4d63","Gemüse Kebap & Friends","Berlin","Germany","osm-import-2026-04","81A Warschauer Straße","52.5138607","13.4536043"
"Berlin","7897ea52-bbde-44d6-9bd0-b1dbe1e1eb7c","Amore Milano","Berlin","Germany","osm-import-2026-04","","52.4992028","13.4432328"
"Berlin","67ab9063-3607-49a6-a672-802c7ef1da67","principessa","Berlin","Germany","openstreetmap","55 Grünberger Straße","52.5119369","13.4564565"
"Berlin","fd722261-d206-4501-8b48-78307f13dce9","Japan Plaza","Berlin","Germany","osm-import-2026-04","14e Rochstraße","52.5227208","13.4082447"
"Berlin","42d0f0d3-4d15-4b22-ad77-8048fbe30405","Sama Beirut","Berlin","Germany","osm-import-2026-04","43 Fidicinstraße","52.4873281","13.3874993"
"Berlin","46aab839-ec2e-45ad-b204-bdf15229d722","Aylin Aksu Hair & Beauty","Berlin","Germany","osm-import-2026-04","","52.5676076","13.3626403"
"Berlin","9747d1ad-9d2c-42d1-98fc-2365bd20ac2c","Haroun","Berlin","Germany","openstreetmap","42a Rigaer Straße","52.5157767","13.4679056"
"Berlin","a726a5b2-d487-471e-801d-dd22cb422624","Tiger Club","Berlin","Germany","openstreetmap","99 Knesebeckstraße, Berlin, 10623, Germany","52.5099377","13.3233003"
"Berlin","c47357f4-769f-41c9-bdb3-76035964d382","Comcha","Berlin","Germany","openstreetmap","15 Dresdener Straße, Berlin, 10999, Germany","52.5010071","13.4171057"
"Berlin","ba92be55-122f-4009-a5c4-4802a6e5eaef","bundes burger","Berlin","Germany","openstreetmap","199 Bundesallee","52.4925399","13.3312158"
"Berlin","aa7dc23b-f084-45d2-b13b-ba3588939323","Ha Pho","Berlin","Germany","osm-import-2026-04","15 Dudenstraße","52.4848494","13.3832892"
"Berlin","11dd55b1-4310-42c8-9a88-626973ae2352","Timurs Hütte","Berlin","Germany","osm-import-2026-04","","52.4656471","13.38507"
"Berlin","c3ddb792-72fd-41c2-b52b-e96992c162e1","Final Bistro","Berlin","Germany","osm-import-2026-04","","52.4449091","13.5668169"
"Berlin","c369644f-c6c8-4e3e-be85-74dc937f06f2","Mehas","Berlin","Germany","openstreetmap","208 Greifswalder Straße","52.5326083","13.4283856"
"Berlin","4473474e-ee58-4360-9c0b-5fd13162d194","Phó Bowl","Berlin","Germany","osm-import-2026-04","","52.5809352","13.4029315"
"Berlin","cf66db17-2537-4a15-bcb1-2e501d8aa6bc","Tra My","Berlin","Germany","openstreetmap","65 Graefestraße, Berlin, 10967, Germany","52.4911182","13.4165448"
"Berlin","6ec1db0e-2159-4991-b5f8-592e843664da","AVCI Bistro","Berlin","Germany","osm-import-2026-04","","52.5088702","13.497386"
"Berlin","d3dd63bb-a887-426b-9711-7c30d9f7a3b8","Nelke Falafel","Berlin","Germany","osm-import-2026-04","23 Kopernikusstraße","52.510371","13.4543068"
"Berlin","6ecafe68-4091-4d74-8931-9c6e2c0da665","Kult-Eis","Berlin","Germany","osm-import-2026-04","25 Stahlheimer Straße","52.5499352","13.4216782"
"Berlin","21d74dc9-5d61-4b67-b352-5fd586a7d826","Alaska","Berlin","Germany","openstreetmap","85 Reuterstraße, Berlin, 12053, Germany","52.4828937","13.4287764"
"Berlin","e29fafdd-662b-4889-9013-7d19dc1228db","La petite veganerie","Berlin","Germany","openstreetmap","64 Hohenstaufenstraße, Berlin, 10781, Deutschland","52.4946464","13.3509984"
"Berlin","acb6cc1f-24ae-42f0-8a49-f334067a4ee2","India Spice House","Berlin","Germany","osm-import-2026-04","48 Prenzlauer Allee","52.5371845","13.4234864"
"Berlin","9aa59991-4b77-45d8-9ec4-9768d6dae6b2","Berlin Çiğköfte","Berlin","Germany","osm-import-2026-04","133 Müllerstraße","52.5513886","13.3498848"
"Berlin","e98e95f7-1bf7-47d2-b1da-2aa521ae9a9f","Habiba","Berlin","Germany","openstreetmap","25 Dörpfeldstraße","52.437093","13.5461909"
"Berlin","dca3e936-0d5b-4f2f-b56e-b4e9e7ab7cd0","Windburger","Berlin","Germany","osm-import-2026-04","","52.4986472","13.426001"
"Berlin","ea017ebd-a1ae-44eb-adac-66d23cb1ce99","AVCI Bistro","Berlin","Germany","osm-import-2026-04","38A Leopoldstraße","52.5037509","13.4859372"
"Berlin","85d523ca-c0f0-4684-8b7e-1f70cde21ee3","Eismieze","Berlin","Germany","osm-import-2026-04","21 Schlegelstraße","52.5304151","13.3870778"
"Berlin","ea3cc76e-f4b8-426c-aacc-04d981c2f62d","fior di margherita","Berlin","Germany","osm-import-2026-04","","52.5357226","13.3980359"
"Berlin","c2163581-a64c-4e93-a127-dda5d002e526","Il Buon Gelato Marcon","Berlin","Germany","osm-import-2026-04","46 Achillesstraße","52.6185146","13.4869412"
"Berlin","250a0262-3ab6-41c4-842f-6e04a4e3cbd3","Kavlak Eismanufaktur","Berlin","Germany","osm-import-2026-04","99 Oranienstraße","52.5069067","13.3984353"
"Berlin","ed6d65b2-cdcc-4243-9b57-122e2214747f","Çiğköftem","Berlin","Germany","osm-import-2026-04","","52.5386529","13.3962326"
"Berlin","2c770905-e844-492a-bc76-207beb515f6c","Kamala-Vegan","Berlin","Germany","openstreetmap","85 Boxhagener Straße, Germany","52.5093526","13.465542"
"Berlin","eef7a66a-1ab4-45ed-8c98-7663a3d7d19d","La Esperanza","Berlin","Germany","osm-import-2026-04","","52.527268","13.3864422"
"Berlin","3b6745c6-29de-4451-9f59-a80312c0981e","Frau Behrens Torten","Berlin","Germany","osm-import-2026-04","","52.4897974","13.3879172"
"Berlin","bdd862bf-0ceb-400e-ab7f-4bd00e78d627","Asia Gourmet","Berlin","Germany","osm-import-2026-04","","52.5703436","13.4038789"
"Berlin","f3629b4f-9f56-4657-aae8-42977ff7a7d3","Sùsù Vegan Food","Berlin","Germany","openstreetmap","29 Eberswalder Straße, Berlin, 10437, Germany","52.5413117","13.4106429"
"Berlin","4235c430-886c-435a-bfae-be9dd1a2e099","Pilz Imbiss","Berlin","Germany","openstreetmap","31 Herrfurthstraße, 12049, Germany","52.4772725","13.4248761"
"Berlin","50ebc536-09d1-49a0-be9a-aa9ecf8403db","Italienisches Eis Da Dalt","Berlin","Germany","osm-import-2026-04","94 Bölschestraße","52.4531884","13.6247254"
"Berlin","63078ce6-7ba7-4d99-a419-53bcb6fe9a1e","Akko","Berlin","Germany","openstreetmap","52 Pankstraße","52.551904","13.3811425"
"Berlin","4eba1aea-bc61-4284-9b29-786bcf14f598","Burger Provinz","Berlin","Germany","osm-import-2026-04","","52.5640598","13.3776719"
"Berlin","c56b5fc8-500d-4506-9222-7cf853b10e7a","Wilhelms Burger","Berlin","Germany","osm-import-2026-04","23 Gleimstraße","52.5473357","13.4109497"
"Berlin","1debb183-07a8-4f52-8558-f9fdeee79031","Vegan Vibes","Berlin","Germany","osm-import-2026-04","16 Niederbarnimstraße","52.5132912","13.4585512"
"Berlin","55552380-2567-43ba-8a2f-a9a2949c4c77","immergrün","Berlin","Germany","osm-import-2026-04","","52.5100049","13.4345921"
"Berlin","46a41aab-ad18-4661-8033-ba40cd22d867","Pommesfreunde","Berlin","Germany","osm-import-2026-04","","52.5098992","13.4348397"
"Berlin","fe5e7558-4c07-4027-923d-9be588528ddf","Giannis Eis","Berlin","Germany","osm-import-2026-04","26 Rykestraße","52.5386025","13.4225507"
"Berlin","6510ddf2-f9b6-45f1-b297-08e36a4ce5e7","Daizu","Berlin","Germany","openstreetmap","36 Falckensteinstraße","52.4986273","13.4426259"
"Berlin","5c8335d3-3356-4db2-ac85-4f64a4e5467c","IIMORI VEGAN","Berlin","Germany","openstreetmap","29 Mulackstraße","52.5273466","13.405597"
"Berlin","3ecd770b-902e-4478-8838-92cf87356e2c","Erdbeere","Berlin","Germany","osm-import-2026-04","","52.5740065","13.3588254"
"Berlin","4e98f07a-b760-4207-9371-6739707621ef","Heinse Kebap","Berlin","Germany","osm-import-2026-04","","52.6192254","13.3048367"
"Berlin","bc11aa55-bd08-45b6-918d-497033651e31","Falafel Al Amin","Berlin","Germany","osm-import-2026-04","6 Triftstraße","52.5444208","13.3598449"
"Berlin","3d57c66c-da86-4e36-a071-1ef79a3ab175","ServiceStore DB","Berlin","Germany","osm-import-2026-04","","52.554596","13.3977442"
"Berlin","f82bd44a-de57-4321-9c31-2791bb02b134","Chickpeas","Berlin","Germany","openstreetmap","19 Oranienstraße","52.5005394","13.4223865"
"Berlin","50e3264b-2f0d-40fd-ba34-996b0c51b15e","Bistro Kristall M&M","Berlin","Germany","osm-import-2026-04","","52.5162405","13.4788748"
"Barcelona","e48ef4dc-a1b4-4e4a-a831-61e279ce4438","Frolis","Barcelona","Spain","openstreetmap","123 Carrer d'Aragó","41.3837974","2.1535094"
"Barcelona","1018f3d2-37ad-46f2-9e80-aa59cb6b14c3","La Capritxeria","Barcelona","Spain","openstreetmap","30-32 Carrer del Torrent de l'Olla, Spain","41.3994547","2.1603891"
"Barcelona","1571fdb3-ac77-4b25-81bf-8cae6a1d1611","La Perra Verde","Barcelona","Spain","openstreetmap","12 Carrer del Torrent de l'Olla, Spain","41.3987525","2.1611465"
"Barcelona","3248385b-a434-4cb9-aa10-0d387cc2df40","La Petita Vegana","Barcelona","Spain","openstreetmap","23 Carrer d'Anna Maria Martínez Sagi, Barcelona, 08041, Spain","41.4212964","2.1774159"
"Barcelona","ba1e7b7c-7be6-4fe2-97c8-2a0d9921ee6f","Gopal","Barcelona","Spain","vegguide-import-2026-04-17","Carrer Escudellers 42","41.3804","2.17732"
"Barcelona","4199839b-35dc-4337-b7c7-8649ad4b00b7","PASTAn","Barcelona","Spain","openstreetmap","25 Carrer de Josep Torres, 08012, Spain","41.4012235","2.1620017"
"Barcelona","92e3544c-55ee-4bd9-83b4-2e8c5519b86b","Tonka","Barcelona","Spain","openstreetmap","20 Carrer de Verdi, Spain","41.4036539","2.1571514"
"Barcelona","6df0bdbe-c343-43b5-988d-f6e4a43f6986","Santoni","Barcelona","Spain","osm-import-2026-04","","41.3847872","2.163737"
"New York","7a5db052-a785-4aab-8597-733da0967993","Tokuyamatcha Onigirazubar","New York","United States","osm-import-2026-04","","40.7239804","-73.9801699"
"New York","fd46f303-1298-444a-90a0-f445e2aac949","KebabishQ,","New York","United States","openstreetmap","2nd Avenue, 10035 New York","40.7283148","-73.9876436"
"New York","49d21c5f-13b3-4d71-ad0e-8bb1225cb51d","Sunday C&C Eatery","New York","United States","openstreetmap","Great Jones Street, 10012 New York","40.726619","-73.9919996"
"New York","6b3e3b77-7d16-429f-bc1a-5b88eff8c1e8","Blossom Du Jour","New York","United States","osm_fresh_2026_04","617, 9th Avenue","40.7595895","-73.9919989"
"New York","730228ae-799b-4904-9277-4b173cb33c53","Nom Wah Nolita","New York","United States","osm-import-2026-04","10 Kenmare Street","40.7203696","-73.9945824"
"New York","5f8bb011-16f6-4eb1-9309-44b1a6b603d5","Jajaja Mexicana","New York","United States","osm-import-2026-04","","40.7298154","-74.004554"
"New York","3ab59f19-3e91-4ce1-9883-bdfdbe27b3fc","Vegan QuickBites by Next Stop Vegan","New York","United States","openstreetmap","685 Manhattan Avenue, 11222, United States","40.7250111","-73.9517264"
"New York","ae74590f-9344-42d1-b497-eede3e0d8799","Vegan Deli","New York","United States","openstreetmap","1650 3rd Avenue, 10128, United States","40.783002","-73.9511602"
"New York","14f99466-fa50-4b4b-88af-2b44efca31b7","Next Stop Vegan","New York","United States","openstreetmap","88 Livingston Street, 11201, United States","40.691228","-73.9906891"
"New York","96149025-62ea-4bb0-ae6b-8a05507c19d6","Beatnic","New York","United States","openstreetmap","Rockefeller Plaza 45, 10111 New York","40.7577967","-73.979009"
"New York","6ee73751-d0c3-43f0-918c-182b2b120be8","Apna Pind","New York","United States","osm-import-2026-04","128 East 4th Street","40.7252983","-73.987581"
"New York","358af672-086b-4c3f-a64b-97324181cfe6","Beatnic","New York","United States","openstreetmap","240 Lafayette Street, United States","40.7227424","-73.9971339"
"New York","3d163e5f-bec9-4975-8a08-34fa8b62e81d","Moss Vegan Bistro","New York","United States","openstreetmap","943 Carroll Street","40.6681887","-73.9591781"
"Los Angeles","4a8b0faa-4e42-4403-adf7-8729ecae1032","India Sweets & Spices","Los Angeles","United States","osm-import-2026-04","9409 Venice Boulevard","34.0255645","-118.3955288"
"Los Angeles","892e17ed-75e7-4551-8e7e-510f97e6ccfa","Veggie Grill","Los Angeles","United States","openstreetmap","The Village Walk, 91367 Los Angeles","34.1849407","-118.6046917"
"Los Angeles","d362e30b-7fc2-469e-b964-83ba578928a7","Veggie Grill","Los Angeles","United States","openstreetmap","308 Westwood Plaza, Los Angeles, 90024, United States","34.0701722","-118.4440852"
"Los Angeles","c358c372-f836-4997-b3c5-1ada0510136a","Dave's Gourmet Korean Food","Los Angeles","United States","vegguide-import-2026-04-17","Los Angeles","34.0522","-118.244"
"Los Angeles","b67aa12f-cef3-49c0-8d66-e5aba0fd24f6","Cena Vegan","Los Angeles","United States","openstreetmap","Avenue 25, 90031 Los Angeles","34.0790522","-118.2187017"
"Los Angeles","f91990b6-3ac2-4fd2-a6d3-248ff60cf76f","Cali Saga","Los Angeles","United States","openstreetmap","9609 Venice Boulevard, Los Angeles, 90232, United States","34.0250334","-118.3964686"
"Los Angeles","fa65c07f-1284-45c4-8f9b-31e376b9dd34","Glowing Plant-Based Eatery","Los Angeles","United States","osm_fresh_2026_04","Echo Park Avenue, 90026, Los Angeles","34.0812465","-118.2547783"