target_city,id,name,city,country,source,address
"Hamburg","d501bef2-044c-4280-b260-bf014a1d7665","Lá Vegan","Hamburg","Germany","osm-import-2026-04",""
"Hamburg","183c4444-3084-419a-afbc-08bdc40b46c5","Tekin","Hamburg","Germany","osm-import-2026-04","761 Fuhlsbüttler Straße"
"Hamburg","7f38a429-7ef0-444f-9a77-34cee2d247b1","Verlan Cafe","Hamburg","Germany","osm-import-2026-04",""
"Hamburg","2cda32f4-a52f-4701-99fb-9a53b0742d30","Futur III","Hamburg","Germany","osm-import-2026-04","Grabenstraße"
"Hamburg","d27116ce-3fbc-4920-8d39-c00a75991494","blanco","Hamburg","Germany","osm-import-2026-04",""
"Hamburg","e9a8754c-03ed-4370-8e87-d30737f3eaff","GO Cafeteria","Hamburg","Germany","osm-import-2026-04",""
"Hamburg","20ac0a7d-8b37-47c1-84d7-1b1b3a07c9cf","Zuckerschnute","Hamburg","Germany","osm-import-2026-04","75 Grindelberg"
"Hamburg","adc4a3c1-9d4b-4427-adca-a7d7d2f7ab7e","Mert Grill","Hamburg","Germany","osm-import-2026-04","323 Bramfelder Chaussee"
"Hamburg","08ccc529-7c43-4a21-b74d-1c447c808c31","bok","Hamburg","Germany","osm-import-2026-04",""
"Hamburg","07c600c8-ee74-408c-ad91-9d68fcaabbaa","CKT'S","Hamburg","Germany","osm-import-2026-04",""
"Hamburg","88f3fada-b063-47b2-8634-0de6ea5e9f79","sour kitchen","Hamburg","Germany","openstreetmap","59 Mühlenkamp, Hamburg, 22303, Germany"
"Hamburg","13b87f84-2c87-4428-9f33-c8c2de437130","My Kebap's","Hamburg","Germany","osm-import-2026-04",""
"Hamburg","9dc8d5be-7388-4952-81aa-1bbcd16ae83b","Café Näscherei","Hamburg","Germany","osm-import-2026-04",""
"Hamburg","a11f377e-7edd-43df-8521-e8230a6a4351","Balat Imbiss","Hamburg","Germany","osm-import-2026-04",""
"Hamburg","2f9b5a5a-4dab-489b-a69c-e0f7600ebcbc","Vincent Vegan","Hamburg","Germany","openstreetmap","40 Ballindamm, Hamburg, 20095, Deutschland"
"Hamburg","b7d65500-d0cd-4435-ae21-31be4f4118e6","Salli’s","Hamburg","Germany","osm-import-2026-04",""
"Hamburg","0dfcfc76-8d8c-4f20-8386-9375d99bdca3","Manos Vegan Cake","Hamburg","Germany","openstreetmap","43 Hohenesch, Hamburg, 22765, Germany"
"Hamburg","c4700934-5dba-4f7d-94f8-cb949d95304e","La Famille","Hamburg","Germany","osm-import-2026-04",""
"Hamburg","5255b147-1c73-4456-a989-3470364f1400","burgerme","Hamburg","Germany","osm-import-2026-04",""
"Hamburg","cfb22c5f-5956-4b45-8c80-1fe4c5020bff","Sushi Supply","Hamburg","Germany","osm-import-2026-04",""
"Hamburg","bae987c7-88fd-48ad-9c5a-06d39ac17cde","Çiğköftem","Hamburg","Germany","osm-import-2026-04",""
"Hamburg","11f688df-4951-46d5-bc4d-1ecfdbdf66f4","Oehlers Eispatisserie","Hamburg","Germany","osm-import-2026-04","161 Eppendorfer Weg"
"Hamburg","5f159e6b-75d1-43c4-9b6f-8a7925f35684","Pasteleria Cristal","Hamburg","Germany","osm-import-2026-04","4 Reimarusstraße"
"Hamburg","dc6a1352-0a2b-4061-bdca-805136ea6bef","Asia Imbiss Kim","Hamburg","Germany","osm-import-2026-04","78 Hein-Hoyer-Straße"
"Hamburg","b635a978-6c0d-4286-b12b-e707db5d469a","Sira","Hamburg","Germany","osm-import-2026-04",""
"Hamburg","a8e10a62-3b5d-432d-bcb7-351c6fdf775a","Las Heras 747","Hamburg","Germany","osm-import-2026-04","29 Talstraße"
"Hamburg","1672d062-eacb-4287-af61-4a6551cb5336","Eisige Liebe","Hamburg","Germany","osm-import-2026-04",""
"Hamburg","80e3c98c-3ef5-455c-9b40-8aab8bc929e1","Eisige Liebe","Hamburg","Germany","osm-import-2026-04","19 Am Kaiserkai"
"Hamburg","e6c72c2a-a7d5-43da-b1d8-78b655b4fbee","Sahha","Hamburg","Germany","osm-import-2026-04",""
"Hamburg","d595df1b-da8e-40bf-af94-d55b0faa0ad1","Tadim Urfa","Hamburg","Germany","osm-import-2026-04",""
"Hamburg","643dfd56-1fac-40f9-8ba9-19476ab31312","Café Bom Dia","Hamburg","Germany","osm-import-2026-04","Deichhausweg"
"Hamburg","42b50d46-666e-4692-b803-0e6740138c5a","Buns Streetfood","Hamburg","Germany","osm-import-2026-04",""
"Hamburg","4951b05a-9c23-4f70-844b-270c91b36fb4","Eiscafe Kaifu","Hamburg","Germany","osm-import-2026-04","51 Bismarckstraße"
"Hamburg","503e8765-1e62-4928-b6ce-434b3bcfaa59","Röllchen","Hamburg","Germany","openstreetmap","33 Juliusstraße, Hamburg, 22769, Germany"
"Hamburg","69ac0d9c-abdc-4fc6-9b67-bdbe92d5e7fd","Pizza Al Taglio","Hamburg","Germany","osm-import-2026-04",""
"Hamburg","c9d97b12-3539-4a65-939f-1bd677a850d2","Copacabana Coffee","Hamburg","Germany","osm-import-2026-04","19 Emilienstraße"
"Hamburg","7e2f3a7d-e4b2-461b-ad49-b2352de659d6","Eppendorfer Hähnchengrill","Hamburg","Germany","osm-import-2026-04","137 Geschwister-Scholl-Straße"
"Hamburg","108cc788-4217-441a-8a3d-ac843d3ab18c","Lissi's Leberkäserei","Hamburg","Germany","osm-import-2026-04",""
"Hamburg","1e9a3bd8-97e1-4b18-8b8b-2dc6087cff34","CKT's","Hamburg","Germany","osm-import-2026-04",""
"Hamburg","0e657eb2-650b-4e35-9a97-26e6a16ebf9b","Eispiraten","Hamburg","Germany","osm-import-2026-04","78 Mendelssohnstraße"
"Hamburg","5bf1b743-6e8b-464c-b3da-fcbda52d981f","Elbdöner","Hamburg","Germany","osm-import-2026-04",""
"Hamburg","d5323909-6c59-473d-9357-4513636e3bf1","Eis Pauli","Hamburg","Germany","osm-import-2026-04","37 (links) Wohlwillstraße"
"Hamburg","d8b72162-7b1c-4665-9982-3b2962e9dd03","Döner Point","Hamburg","Germany","osm-import-2026-04",""
"Hamburg","cb6f249e-c233-4d65-a743-8c65b60918c4","The Salli's Kebab","Hamburg","Germany","osm-import-2026-04",""
"Hamburg","f13a72ea-eb01-4651-8aaf-dd6a1ab9757f","Gourmet Station","Hamburg","Germany","osm-import-2026-04",""
"Hamburg","f788e0dd-8d7c-4bec-9d60-42304ff0cfe5","Eis Livotto","Hamburg","Germany","osm-import-2026-04",""
"Hamburg","af113f7b-2664-42d4-af40-cac2f37421af","Eisbande","Hamburg","Germany","osm-import-2026-04","7 Bartelsstraße"
"Hamburg","ff0371b5-c827-49ff-8cd9-959319d2be9a","Eis & innig","Hamburg","Germany","osm-import-2026-04","102 Klosterallee"
"Hamburg","d2479692-76db-4dde-af9b-57addc7ecf47","USUMI","Hamburg","Germany","osm-import-2026-04",""
"Hamburg","fc41c046-3a96-4c4f-8245-1d4302472a04","Asia Box Express","Hamburg","Germany","osm-import-2026-04",""
"Hamburg","5441aead-6b18-4a04-9f53-ebcfb62a42b0","Viet Roots","Hamburg","Germany","osm-import-2026-04",""
"Hamburg","3c74c5b8-af1a-4898-83a5-0114d7ce482c","Cam On","Hamburg","Germany","openstreetmap","73 Eppendorfer Weg, Hamburg, 20259, Germany"
"Hamburg","402db990-5cdc-442b-a851-e36442c0c38e","SoulKebab","Hamburg","Germany","osm-import-2026-04",""
"Leipzig","11a1e569-3549-4d7b-9e0e-02938c8648a5","Berliner Kebab","Leipzig","Germany","osm-import-2026-04","25 Dresdner Straße"
"Leipzig","f7690551-8d1d-4228-99c0-d0b008d72744","Peperoni","Leipzig","Germany","osm-import-2026-04","2a Rosa-Luxemburg-Straße"
"Leipzig","e24327e7-a671-47d7-b829-f86bf1160cca","Eis Oase","Leipzig","Germany","osm-import-2026-04",""
"Leipzig","65f36e6a-7ef1-47d3-9ac1-92b75072c699","Diyar & Urfa Kebab","Leipzig","Germany","osm-import-2026-04",""
"Leipzig","d4881be3-b6e2-4a3e-9b81-7fdb65baaf68","Bäcker Traum & Cafeteria","Leipzig","Germany","osm-import-2026-04",""
"Leipzig","bfb3acb6-b72a-4962-85c9-91dab3fd4f99","Eis an der Kö","Leipzig","Germany","osm-import-2026-04",""
"Leipzig","d8f7579d-3e6b-46be-8994-c9408fface13","Burrito Company","Leipzig","Germany","osm-import-2026-04",""
"Leipzig","4364084b-ae99-402f-a256-39878ad92db3","Instant Market","Leipzig","Germany","osm-import-2026-04",""
"Leipzig","63907adb-7aec-4378-a655-3a135acb1d85","Lana Döner Bistro","Leipzig","Germany","osm-import-2026-04",""
"Leipzig","6b23f017-7e71-44b8-8248-c4d79701f555","Saigon Vegan","Leipzig","Germany","openstreetmap","3 Kohlgartenstraße, Leipzig, 04315, Germany"
"Leipzig","83f37d6a-3a50-4cfe-b0a4-a16986dca22c","Dong Xuan Quan","Leipzig","Germany","osm-import-2026-04",""
"Leipzig","1c2d3055-3a0e-4421-a42f-0f17af4af734","Einfachgut Hansen","Leipzig","Germany","osm-import-2026-04",""
"Leipzig","4677fc32-f2d9-40b4-bf99-737e9f0a997f","Gustav H.","Leipzig","Germany","osm-import-2026-04","8 Baedekerstraße"
"Leipzig","4c111e88-4332-4987-92f6-3e526c70adbe","Olive Tree","Leipzig","Germany","osm-import-2026-04",""
"Leipzig","b59075f8-3bf7-4ce5-86dd-30882fba363b","Brakers Eisdiele","Leipzig","Germany","osm-import-2026-04",""
"Leipzig","541cd8fa-a63b-48ff-bc7f-fcef433ed3d9","Mein Eis","Leipzig","Germany","osm-import-2026-04","9 Karl-Rothe-Straße"
"Leipzig","3f3c3360-798b-4ae4-ac89-0ca8c43fc72f","Tamarind","Leipzig","Germany","osm-import-2026-04",""
"Leipzig","eacb62fa-8541-4351-9986-97a7cbc7e480","Likken","Leipzig","Germany","osm-import-2026-04","105 Karl-Liebknecht-Straße"
"Leipzig","eda84e1b-9690-4f89-a756-1c028a927218","Oscars","Leipzig","Germany","osm-import-2026-04","1 Creuzigerstraße"
"Leipzig","93e133cb-a90f-4e5a-9ac5-b2248cfca940","Basasak","Leipzig","Germany","osm-import-2026-04","56 Dresdner Straße"
"Leipzig","0ed43f37-fa5b-4e27-b129-2cc11eabc69f","Asia Snack Bistro","Leipzig","Germany","osm-import-2026-04","164 Georg-Schwarz-Straße"
"Leipzig","5fc331e4-37cf-45dc-8a78-8fc407efe68a","Bozova Kebab Haus","Leipzig","Germany","osm-import-2026-04",""
"Leipzig","a0f0b44e-e3c3-4b43-ae3b-b0ecfaf95e05","Kito","Leipzig","Germany","osm-import-2026-04",""
"Leipzig","debe7944-f4ee-4f9b-a5ea-01c03213f2c1","Bamboo Streetfood","Leipzig","Germany","osm-import-2026-04",""
"Leipzig","939b2e17-0b47-4cea-b9ad-6a48b3a0df8b","LuiLui Eisladen","Leipzig","Germany","osm-import-2026-04","141 Georg-Schumann-Straße"
"Leipzig","3157df0e-d4e5-4679-b224-8e05a8718449","Rockwurst","Leipzig","Germany","osm-import-2026-04",""
"Leipzig","798d2d14-159b-4471-a1fc-c4020394664e","Karli Speis","Leipzig","Germany","osm-import-2026-04","101 Karl-Liebknecht-Straße"
"Leipzig","9df99f24-209e-4231-9e47-f9797387051f","LuiLui","Leipzig","Germany","osm-import-2026-04","63 Zweinaundorfer Straße"
"Leipzig","1288515f-5034-4aa1-bebd-7cc82db50d22","Eis-Zapfen","Leipzig","Germany","osm-import-2026-04",""
"Leipzig","dbf46421-5f02-4d7b-9932-010eb5a7afbd","HN Bubble Tea","Leipzig","Germany","osm-import-2026-04","164 Lützner Straße"
"Leipzig","9f5d952b-af74-4226-9f2b-d89e9137f267","Taksim","Leipzig","Germany","osm-import-2026-04",""
"Leipzig","33176a8c-5748-457d-8ac8-571e21edef32","Berliner Kebap","Leipzig","Germany","osm-import-2026-04","271 Georg-Schumann-Straße"
"Leipzig","b7d17c5a-07b6-4a62-8d9b-6926f7b95dbf","Il buon gelato","Leipzig","Germany","osm-import-2026-04","58 Karl-Heine-Straße"
"Leipzig","57f43647-75e7-4db9-8301-56e0378caff2","Am Kanal","Leipzig","Germany","osm-import-2026-04","55 Endersstraße"
"Leipzig","613453ff-8e25-4529-92f0-d7f349e785ed","Varto.döner","Leipzig","Germany","osm-import-2026-04",""
"Leipzig","a74f4516-37aa-478a-9f6c-1de2096476f5","Kumpir","Leipzig","Germany","osm-import-2026-04",""
"Leipzig","ca4b660d-d4ad-462b-861a-943925416909","Bistro ""Zu Spät""","Leipzig","Germany","openstreetmap","28 Kippenbergstraße, Leipzig, 04317, Germany"
"Leipzig","cb4beccc-39df-4270-9f3a-2ab63a27856e","Quan Xanh","Leipzig","Germany","openstreetmap","48 Zschochersche Straße, Leipzig, 04229, Germany"
"Leipzig","4e2cd4d4-063c-4dc7-a48c-32cc25dba81d","ChopstiX","Leipzig","Germany","osm-import-2026-04","2 Rosa-Luxemburg-Straße"
"Leipzig","e4cfd162-1eaa-40a6-b2fb-30f185ebb573","Quan Chay","Leipzig","Germany","openstreetmap","51 Karl-Heine-Straße, Leipzig, 04229, Germany"
"Leipzig","50c0b284-f465-455c-9079-9d11f263eab8","Softeisladen","Leipzig","Germany","osm-import-2026-04","68 Karl-Heine-Straße"
"Leipzig","59984f27-839f-4944-ba79-c3584a6f7fb9","Akiko Sushi","Leipzig","Germany","osm-import-2026-04",""
"Leipzig","dcaf816d-d7c1-4f1b-96fe-c7036d04db1b","Asia Imbiss","Leipzig","Germany","osm-import-2026-04",""
"Leipzig","8b0800ff-075c-4af7-92d3-3ba3764d6196","Indian Streetfood","Leipzig","Germany","osm-import-2026-04",""
"Leipzig","8b221c56-5b24-4a5b-a533-dceedd31562a","Alnor","Leipzig","Germany","osm-import-2026-04",""
"Leipzig","f0962396-918a-45f9-90b7-2b1264f6a77d","Al Bascha Bistro","Leipzig","Germany","osm-import-2026-04",""
"Leipzig","b852dc6f-08fd-4916-b5c4-5dfd83fad2ec","eis fichte MCL","Leipzig","Germany","osm-import-2026-04",""
"Leipzig","f7950a59-8052-4a89-8b79-c59ed9c092ea","Falafel","Leipzig","Germany","osm-import-2026-04",""
"Leipzig","320f3947-9ba7-4f5f-9ff2-a73ac354cdfb","Café Moh","Leipzig","Germany","osm-import-2026-04","21 Demmeringstraße"
"Leipzig","50dfea89-3f70-49c3-8442-0926e4971fd6","Vegan Express","Leipzig","Germany","openstreetmap","7 Bornaische Straße, Leipzig, 04277, Germany"
"Leipzig","e4ee9eb5-ea09-44f3-9204-dc81b9a250e7","Tre Colori","Leipzig","Germany","osm-import-2026-04","38 Zschochersche Straße"
"Munich","0bab8d82-7e7d-443e-8ff9-e153b9fdfbbb","Rio Filmcafé","Munich","Germany","osm-import-2026-04",""
"Munich","6c3beead-f18b-4e58-963c-fc8905dac3b7","Vegan Eck","Munich","Germany","openstreetmap","28 Valleystraße, München, 81371, Germany"
"Munich","28fcc6a6-37bb-437a-90b6-695bd6587b8a","Twinfin","Munich","Germany","osm-import-2026-04","Prinzregentenstraße"
"Munich","65b252d6-d728-4ed2-83cb-65e2d50e8d5f","Pommesfreunde","Munich","Germany","osm-import-2026-04",""
"Munich","7c10b9db-6545-42eb-a6b2-f0e6d01977fa","The Rolling Dackel","Munich","Germany","openstreetmap","134 Nymphenburger Straße, München, 80636, Deutschland"
"Munich","f51730c8-d976-42e8-8c03-6ab75e692133","Eiscafé Gelati","Munich","Germany","osm-import-2026-04",""
"Munich","b0841b68-b657-40d5-91fb-8fff0d8bb68e","herr.ye","Munich","Germany","osm-import-2026-04",""
"Munich","003a8c38-2ed8-491a-9a17-f15a7a6cd224","Café überm Marienplatz","Munich","Germany","osm-import-2026-04",""
"Munich","a1b9c659-cf29-4e91-ac92-3c51f9b01682","Eiscafé Florenz","Munich","Germany","osm-import-2026-04","52 Tulbeckstraße"
"Munich","2a9fc3a0-1b62-4c30-94dd-84138a5cca6c","Morgenland Falafel House","Munich","Germany","osm-import-2026-04",""
"Munich","35eadc54-9397-41fa-a027-f3fe9f30fab6","Mr. Box Tea","Munich","Germany","osm-import-2026-04",""
"Munich","40f1901f-743e-4961-b34a-d69fbb4dbd11","Komitee","Munich","Germany","osm-import-2026-04",""
"Munich","67ba5f28-3fe6-40d2-ae0e-42cfb7a1bbdb","Eiscafé Riviera","Munich","Germany","osm-import-2026-04",""
"Munich","4c5fb725-0258-47a1-b124-262e918097df","robetti","Munich","Germany","osm-import-2026-04",""
"Munich","b48b4c8d-36a1-49ea-a5b5-2d5f42ea21b7","Mango 1","Munich","Germany","osm-import-2026-04",""
"Munich","a07629d4-1133-4dec-93f7-09c9c44a3b20","Nordsee","Munich","Germany","osm-import-2026-04","5 Willy-Brandt-Platz"
"Munich","0be24d92-6b07-40ee-903a-1484cae4f92d","Höflinger","Munich","Germany","osm-import-2026-04",""
"Munich","564d2016-028a-4594-a2d3-d625aeb0e939","Morgenland Baklawa House","Munich","Germany","osm-import-2026-04",""
"Munich","f441ee75-9fb5-4941-8db2-b4eb8ed8badf","Hantang Malatang","Munich","Germany","osm-import-2026-04",""
"Munich","b6f6993f-ac77-4903-a565-d0d83c6a5766","Sushi Bistro","Munich","Germany","osm-import-2026-04","78 Albert-Schweitzer-Straße"
"Munich","b82aae0f-0b2b-47a8-b1f8-68269981c787","BMW Mini Kantine","Munich","Germany","osm-import-2026-04",""
"Munich","5edec903-03c6-4cee-9b9a-a503cee740ec","Brez'n Eck","Munich","Germany","osm-import-2026-04","14 Schweigerstraße"
"Munich","fd309c83-08e8-4d73-8c72-ea31a1d3d4cd","Böcklin Coffee","Munich","Germany","osm-import-2026-04","55 Brienner Straße"
"Munich","75845ac2-65a7-43b0-85f8-3d16b8acb335","Tanuki Banh Mi Streetfood","Munich","Germany","osm-import-2026-04",""
"Munich","ce30e723-606a-4497-8dc5-318d88333b95","Lezizel","Munich","Germany","osm-import-2026-04",""
"Munich","669b6635-c373-479d-ac32-3ab5cbcc44c3","Rischart","Munich","Germany","osm-import-2026-04","5 Willy-Brandt-Platz"
"Munich","8630c374-6f58-40e1-9122-8018ffb9e1fc","Haiky","Munich","Germany","osm-import-2026-04",""
"Munich","4aa3cb52-3184-4af9-a9ad-96030ee5ed4a","Caf‘e Distel","Munich","Germany","osm-import-2026-04",""
"Munich","0a89dee4-faf4-4ddd-afbd-c44feb87e54b","Bel Gelato","Munich","Germany","osm-import-2026-04",""
"Munich","373d12f8-7b46-4ead-aa93-2be57856000b","Tikka n Talk","Munich","Germany","osm-import-2026-04",""
"Munich","be0bdf0d-080f-408e-abba-8ceb6ba54248","Gelateria Espresso","Munich","Germany","osm-import-2026-04",""
"Munich","a692cf69-c30a-40ee-9e9f-a717263515b4","Fast Food Caravan","Munich","Germany","osm-import-2026-04",""
"Munich","c874898e-a8b1-41be-91c2-25a288eb23e5","Gelateria Adria","Munich","Germany","osm-import-2026-04","59 Türkenstraße"
"Munich","cf8dffa8-d75e-4b70-9b71-1c6045532278","Meyerbeer Coffee","Munich","Germany","osm-import-2026-04",""
"Munich","d8eb6f81-a63b-42bb-bf6f-30003d0f5295","Caffè Leone","Munich","Germany","osm-import-2026-04","25 Augustenstraße"
"Munich","df516f3f-6186-4124-b919-65d799df15f0","Shoya","Munich","Germany","osm-import-2026-04",""
"Munich","e3523859-7ef4-4a5d-919c-1c1d202d1b29","Kantine Lauchstädter Straße","Munich","Germany","osm-import-2026-04",""
"Munich","69903b32-1248-41e6-b23e-21e3d4f3dd45","Wiener","Munich","Germany","osm-import-2026-04",""
"Munich","177f4625-f3c3-46ed-8600-8e07d6dfb04d","not Guilty pleasure","Munich","Germany","osm-import-2026-04","11 Häberlstraße"
"Munich","ea9c4c2a-1f0b-475a-aeb9-86e9ba614bd7","Via Veneto","Munich","Germany","osm-import-2026-04",""
"Munich","e27b19fd-f63c-450a-8165-90525a920bf8","Il Gelato Italiano","Munich","Germany","osm-import-2026-04","25 Ostpreußenstraße"
"Munich","259880d9-aea3-4b04-bd56-9473af13cef2","Etisch","Munich","Germany","openstreetmap","38 Kazmairstraße, München, 80339, Germany"
"Munich","b7d9ca74-da35-4684-b95e-dc75a58226fc","Patisserie Sießl","Munich","Germany","openstreetmap","15 Hiltenspergerstraße, München, 80798, Germany"
"Munich","5ae2b4e6-1fe2-4cfa-a6ef-be1e8c9bd608","Canteen Grill","Munich","Germany","osm-import-2026-04",""
"Munich","7b83143b-875b-41a8-8df4-7df6ba20f041","Daily Matcha","Munich","Germany","osm-import-2026-04","9 Petersplatz"
"Munich","cedafda4-968b-459b-8706-6d789b2a5f75","Baoz! Bar","Munich","Germany","osm-import-2026-04",""
"Munich","e817f815-5528-4b73-9afb-e843b6b34e7c","Tikka N Talk","Munich","Germany","osm-import-2026-04",""
"Munich","95235b24-7c55-447c-a528-0942d52dc478","Furi's Döner","Munich","Germany","osm-import-2026-04",""
"Munich","8da816c0-d4bb-4ada-be9e-65eca63a6bda","Äthiopischer Imbiss","Munich","Germany","osm-import-2026-04",""
"Munich","f393feb5-4496-4013-a790-fe0bb410938c","Rischart","Munich","Germany","osm-import-2026-04",""
"Thu Duc","c329f518-12ce-484d-b384-3e6b68edf4e2","Bánh Mì Chay XANH","Thu Duc","Vietnam","openstreetmap","Le Thi Rieng Street, 70200 Thủ Đức"
"Thu Duc","43936ef1-64c0-4c1c-a91d-a1bf7ca4a74a","Bún Riêu Chay","Thu Duc","Vietnam","openstreetmap","Lý Thái Tổ, 72712 Thủ Đức"
"Thu Duc","ecd0f4b0-51fa-4202-ad46-18d0bf8e647b","Bếp Chay Vegan Restaurant","Thu Duc","Vietnam","osm_fresh_2026_04","Hem 146 Vo Thi Sau, 72200, Thủ Đức"
"Thu Duc","89dc85fe-6791-4cc5-b49a-6e9ac4c61813","Bếp Chay Đế Thính","Thu Duc","Vietnam","openstreetmap","Hẻm 305/7 Lê Văn Sỹ, 72215 Thủ Đức"
"Thu Duc","a6cb01b4-71ea-420c-a062-7644addfa6e5","Hủ Tiếu Chay Cây Đề","Thu Duc","Vietnam","openstreetmap","315A Đường Lê Văn Sỹ, Vietnam"
"Thu Duc","930bb1e2-ebfb-4b1a-a01e-f4a76b15e995","Ẩm Thực Chay Diệu Cát Tường","Thu Duc","Vietnam","openstreetmap","46 Huỳnh Lan Khanh, Vietnam"
"Thu Duc","65f75cc2-9965-4ddc-9f04-f811b4b1d078","Nhà Hàng Âu Lạc - Healthy World","Thu Duc","Vietnam","openstreetmap","Nguyen Trai Street, 70200 Thủ Đức"
"Thu Duc","69a2094e-b5de-4428-97bd-8630d795d3ee","Saigon Chay Vegan House","Thu Duc","Vietnam","openstreetmap","Hẻm 339 Lê Văn Sỹ, 70150 Thủ Đức"
"Thu Duc","18b81e1a-5297-4785-84fe-28ae2719c832","GenChay","Thu Duc","Vietnam","openstreetmap","International Square, 71006 Thủ Đức"
"Thu Duc","9d3de27a-33ca-423c-8989-76600adf1300","Nhà Hàng Kashew Cheese Deli","Thu Duc","Vietnam","openstreetmap","Trần Ngọc Diện, 71108 Thủ Đức"
"Thu Duc","07d19b5d-d2a8-428c-9d9a-f236b55d8d41","Rau Củ Nâm Vegan","Thu Duc","Vietnam","openstreetmap","1B Tam Đảo, Vietnam"
"Thu Duc","8f2bba07-6317-42eb-adbb-6aee83d37e95","Nhà Hàng Chay Diệu Hạnh","Thu Duc","Vietnam","openstreetmap","Đường D6, 71006 Thủ Đức"
"Thu Duc","09419e62-633b-4ca1-9aa5-9d060e13d8dc","Vườn Chay Giác Duyên","Thu Duc","Vietnam","openstreetmap","Tran Khac Chan Street, 72200 Thủ Đức"
"Thu Duc","92c80b67-0ba0-48dc-9e31-70f5566ff655","Nhà Hàng Bếp Chay","Thu Duc","Vietnam","openstreetmap","Hem 146 Vo Thi Sau, 72200 Thủ Đức"
"Thu Duc","825e683b-8329-47b7-a0ce-4b7eb344b4d1","Chay Lười Giàu Đam","Thu Duc","Vietnam","openstreetmap","Lý Chính Thắng, 72200 Thủ Đức"
"Thu Duc","6ebd1214-3a78-4361-9886-47414f117a47","Quán An Chay","Thu Duc","Vietnam","openstreetmap","Vũ Huy Tấn, 72200 Thủ Đức"
"Thu Duc","607c91cc-c4f5-4d7d-b244-ff97a2af6396","Phuc Quang Chay Vegan restaurant","Thu Duc","Vietnam","osm_fresh_2026_04","Hẻm 95 Lê Thị Riêng, 70200, Thủ Đức"
"Thu Duc","0340600e-c490-4455-bb43-a7043b6a4e75","Cơm Chay","Thu Duc","Vietnam","openstreetmap","1 Hẻm 444 Đường Cách Mạng Tháng Tám, Vietnam"
"Thu Duc","97c0ff62-f287-47ca-8056-ac89a99bb064","An Vegan","Thu Duc","Vietnam","openstreetmap","466bis/1 Đường Hai Bà Trưng, Vietnam"
"Thu Duc","b45d3a6e-de8e-4b17-a4eb-6db4c447f19c","Trạm Chạm Chay","Thu Duc","Vietnam","openstreetmap","Hoa Hung St., 70150 Thủ Đức"
"Thu Duc","95f08084-485d-4f2f-932f-4ec03bfd69f0","Soha plant-based","Thu Duc","Vietnam","openstreetmap","Trần Ngọc Diện, 71108 Thủ Đức"
"Thu Duc","e33d672a-9f3c-4dca-8652-721a1ff82be9","Chay Lam","Thu Duc","Vietnam","openstreetmap","129 Hẻm 860 Xô viết Nghệ Tĩnh, Vietnam"
"Thu Duc","bb5a2f94-24f9-4a47-9308-a564233b289b","Tiệm Mì Chay Chan Chan","Thu Duc","Vietnam","openstreetmap","25A Ngô Quang Huy, Vietnam"
"Thu Duc","e48ff8bd-134b-40e4-97f5-1e5fdc09edc9","Quán Chay Xanh Vegan","Thu Duc","Vietnam","openstreetmap","August Revolution St., 72117 Thuận An"
"Thu Duc","bbff6ff0-1164-476f-a7b3-dc678e157e50","Roots Plant-based Cafe","Thu Duc","Vietnam","openstreetmap","Ly Tu Trong Street, 71009 Thủ Đức"
"Thu Duc","7c887b28-327f-470d-b50f-06e4139f23d3","Quán Chay Nấm Hân","Thu Duc","Vietnam","openstreetmap","Hẻm 217 Tôn Thất Thuyết, 72800 Ho Chi Minh City"
"Thu Duc","c95c3e9c-08cc-4379-b973-2314f722b7b3","GBomb Cuisine","Thu Duc","Vietnam","openstreetmap","26 Nguyễn Hữu Cảnh, Vietnam"
"Thu Duc","b1cfd3d9-c74b-4487-97d2-7208a316bead","Quán Chay Lam","Thu Duc","Vietnam","openstreetmap","Hẻm 51 Cao Thắng, 72406 Thủ Đức"
"Thu Duc","33df7130-4e90-4ebb-b338-4e6aca89988c","iVegan Supershop","Thu Duc","Vietnam","openstreetmap","Đường Lê Anh Xuân, 71009 Thủ Đức"
"Thu Duc","e6886d65-a0fa-4749-922b-98b35f95d3a1","Filthy Vegan","Thu Duc","Vietnam","openstreetmap","De Tham Street, 71010 Thủ Đức"
"Thu Duc","ef781a04-b3fc-4ffd-acf2-5ebeea163568","Nhà Hàng Phúc Quang Chay","Thu Duc","Vietnam","openstreetmap","Hẻm 95 Lê Thị Riêng, 70200 Thủ Đức"
"Thu Duc","9a0ed8eb-d571-4f23-9c1f-281373fb6225","Bon’s Vegan Bistro","Thu Duc","Vietnam","openstreetmap","Hẻm 89 Hàm Nghi, 71010 Thủ Đức"
"Thu Duc","6193b539-6615-46c5-a3bd-7ccd3de79b91","Bếp Chay An Xanh","Thu Duc","Vietnam","openstreetmap","Hẻm 145 Nguyễn Thiện Thuật, 72406 Thủ Đức"
"Thu Duc","171ff1ee-a051-4865-9098-04e0acc005e1","Pho Chay Vegan/Vegetarian Restaurant","Thu Duc","Vietnam","osm_fresh_2026_04","54, Trương Quyền"
"Thu Duc","eaf0f327-bb2c-4e18-8358-b82b4bf4d9ea","Lẩu Rau Nấm Chay Mê Rau","Thu Duc","Vietnam","osm_fresh_2026_04","Nguyen Thi Minh Khai, 72406, Thủ Đức"
"Thu Duc","dec731dc-e246-41ef-8d94-61a03f6d5d22","Nhà Hàng Vegan Kitchen","Thu Duc","Vietnam","openstreetmap","23b Nguyễn Hữu Cảnh, Vietnam"
"Bengaluru","67b34d2a-fc92-4f16-aa37-ccd972429294","Parota Point","Bengaluru","India","osm-import-2026-04",""
"Bengaluru","d5ab1202-875f-4997-a87f-bcc525f901de","Hotel Mayura Sagar","Bengaluru","India","osm-import-2026-04",""
"Bengaluru","1a1194ad-3b31-49f0-aab8-55e652e1dc4d","Red fort restaurant","Bengaluru","India","osm-import-2026-04",""
"Bengaluru","7a88ed7c-3c89-4cb4-b45f-f5170705682a","Temple of Seitan","Bengaluru","India","openstreetmap","8th Cross Road 67, 560001 Bengaluru"
"Bengaluru","7031c0c7-b44a-440b-9815-e05128c20fec","Udupi Veg","Bengaluru","India","osm-import-2026-04",""
"Bengaluru","df683a66-89e7-4216-8305-8de9553b15f1","Punjabi Dhaba","Bengaluru","India","osm-import-2026-04",""
"Bengaluru","b4edd71e-4d38-4c70-922a-0c6195d50107","Shri Lakshmi Vaibhava","Bengaluru","India","osm-import-2026-04","Whitefield Main Road"
"Bengaluru","d7b5f40a-9fa8-4016-a3ed-9ea10d30f2c3","Sri Ganesh Fruit Juice Center","Bengaluru","India","osm-import-2026-04",""
"Bengaluru","7287e283-5607-4315-a5af-9041c22a084f","Udupi Gokarna","Bengaluru","India","osm-import-2026-04",""
"Bengaluru","1295fbd8-3009-43af-a986-e3daeb954665","Pai Vihar","Bengaluru","India","osm-import-2026-04",""
"Bengaluru","8d294055-7e40-4a98-b837-1b528c0c0433","Sri Udupi Food Hub","Bengaluru","India","osm-import-2026-04",""
"Bengaluru","d52c9334-4112-49d1-95d4-d9547c7580d2","Lassi Corner","Bengaluru","India","osm-import-2026-04",""
"Bengaluru","f0bd5cfe-802a-47fd-aaba-a8aa71c52ef1","Namma Madurai","Bengaluru","India","osm-import-2026-04",""
"Bengaluru","6dc1f0aa-6dcf-404a-9655-6d33b67c8167","UpSouth","Bengaluru","India","osm-import-2026-04",""
"Bengaluru","95101e7d-2c14-4bde-96f4-e997d6d5faaa","Mishra Pedha","Bengaluru","India","osm-import-2026-04","Rajaram Mohan Roy Road"
"Bengaluru","62030a25-5407-4b1e-a987-aeab3a0782f6","Udupi Upahar","Bengaluru","India","osm-import-2026-04",""
"Bengaluru","2cd6cdcd-a7d7-481d-9793-9b749b640dbb","True Cakes","Bengaluru","India","osm-import-2026-04",""
"Bengaluru","78565e13-bdb1-43ba-b23a-9488857cd013","Laxmi Sagar Deluxe","Bengaluru","India","osm-import-2026-04",""
"Bengaluru","c52a95df-0e4b-4e79-8481-3569fc1f2f04","Raghavendra Upahara","Bengaluru","India","osm-import-2026-04",""
"Bengaluru","80d21995-388c-43a8-b45d-40bade9b268f","Kota Kachori","Bengaluru","India","osm-import-2026-04",""
"Bengaluru","d4873601-3d32-4389-b12e-59ecf3d22b37","Pranav Upahara","Bengaluru","India","osm-import-2026-04",""
"Bengaluru","72631b33-e948-4e42-93e5-a23e7c0be6f8","Basaveshwar Khanavali","Bengaluru","India","osm-import-2026-04",""
"Bengaluru","aeb16712-7839-48b4-b3ab-2804ca511ad6","Nammura Tindi","Bengaluru","India","osm-import-2026-04",""
"Bengaluru","da4057a8-c6e5-4dd9-b0c0-78e59348fa04","Ogara","Bengaluru","India","osm-import-2026-04",""
"Bengaluru","5195255f-f743-43ed-aa10-ec2c84022b42","Sri Bhageshwar Dhaba","Bengaluru","India","osm-import-2026-04",""
"Bengaluru","eac99f2b-f370-4a41-a1e3-600ccacf6e58","Sukh Sagar","Bengaluru","India","osm-import-2026-04",""
"Bengaluru","33943d7d-23ca-4a35-9db2-9592350a0b33","Sangam","Bengaluru","India","osm-import-2026-04",""
"Bengaluru","b4890e69-e0a7-4ac6-95b5-38a7f7459a6b","Mint Masala","Bengaluru","India","osm-import-2026-04","Jeevaraj Alva Road"
"Bengaluru","ed12f8cb-e989-4261-b44c-c78cdff8fe43","Vegan Vogue","Bengaluru","India","openstreetmap","80 Feet Road, 560038 Bengaluru"
"Bengaluru","8d8ab1f7-ad60-4219-8bb1-84deba90b58f","Sri Vishnu Palace","Bengaluru","India","osm-import-2026-04","ORR Doddanakundi"
"Bengaluru","292546b0-f094-40fa-83c9-cde392e7a2ee","SLV Swadisth","Bengaluru","India","osm-import-2026-04",""
"Bengaluru","aba85e73-9882-4f76-ae56-595acd129e9c","Palm Grove","Bengaluru","India","osm-import-2026-04",""
"Bengaluru","85ede85a-cb18-481e-9331-388d9726ed3e","Thirupathi Bhimas","Bengaluru","India","openstreetmap","15th A Cross Road, 560064 Bengaluru"
"Bengaluru","65400293-388d-4811-abca-cf4c724fd4d1","Udupi Park","Bengaluru","India","osm-import-2026-04",""
"Bengaluru","4a2cbbad-c58a-4d41-aa63-e3214ee6ca69","Venkatam Cafe","Bengaluru","India","osm-import-2026-04",""
"Bengaluru","2c6ca1b4-73ae-4226-8642-ad0c21135044","Upahara Darshini","Bengaluru","India","osm-import-2026-04",""
"Cologne","6d709c3d-c5ab-489c-88ed-bcebffd7ae56","PhilCafé","Cologne","Germany","osm-import-2026-04",""
"Cologne","149188b1-eb88-4a43-8321-cb3ee9304e13","epi","Cologne","Germany","osm-import-2026-04",""
"Cologne","57e00477-34f8-4958-9711-e11a90b9efc7","Lúa by Danny","Cologne","Germany","openstreetmap","9 Brabanter Straße, Köln, 50674, Germany"
"Cologne","03943b8d-8cda-4966-b914-5088fc22898a","little green kitchen","Cologne","Germany","openstreetmap","27 Unter Kahlenhausen, Köln, 50668, Germany"
"Cologne","6ec5fa60-2e94-405e-b9f6-870c6ecb44be","Sawaddee Köln","Cologne","Germany","osm-import-2026-04",""
"Cologne","9f7464db-ce3f-4962-9d64-569109d26037","Koko Cologne","Cologne","Germany","osm-import-2026-04",""
"Cologne","2a8d529c-78be-47b4-beb1-bfde35bc12f5","A-Dong Asia-Imbiss","Cologne","Germany","osm-import-2026-04",""
"Cologne","2d400fae-f457-4dbd-b1e7-f72526eadeab","Lumos","Cologne","Germany","osm-import-2026-04",""
"Cologne","2f48d0df-1e8a-4653-ad0c-68cec76688f2","Wiener Feinbäcker Heberer","Cologne","Germany","osm-import-2026-04",""
"Cologne","d2a53727-9195-42ad-92a2-c609ba7bd628","Veganland Cigköfte","Cologne","Germany","osm-import-2026-04",""
"Cologne","02ad0565-075b-4bb8-a313-bb071defcc8e","Café Pistazie","Cologne","Germany","osm-import-2026-04",""
"Cologne","93581370-c275-44af-a827-9565b1f6193b","Thai Food","Cologne","Germany","osm-import-2026-04",""
"Cologne","5d0456a5-289a-4381-8a28-08984182a3ae","Bäckerei Wiens","Cologne","Germany","osm-import-2026-04",""
"Cologne","36558b76-a91f-4aae-b744-a969ae479109","Mai Minh","Cologne","Germany","osm-import-2026-04",""
"Cologne","bdeb6aa0-3e15-4f62-af50-ae16e986a7d8","Die Oase","Cologne","Germany","osm-import-2026-04",""
"Cologne","f3eb168a-ab47-4665-ad02-561e665f8a8e","Melita","Cologne","Germany","osm-import-2026-04",""
"Cologne","1ba3d2d3-f601-4dfa-a64a-8fd0671d8fac","Noodle Fan","Cologne","Germany","osm-import-2026-04",""
"Cologne","36abe845-64c8-4e10-9000-353c40aa731f","Kamps","Cologne","Germany","osm-import-2026-04",""
"Cologne","cd9b5395-014c-4e00-ae61-557318856e03","La Vecchia Trattoria","Cologne","Germany","osm-import-2026-04",""
"Cologne","b6f1b554-fdfa-46a4-9952-8a0b8fd359b2","Eiscafe Tre Cime","Cologne","Germany","osm-import-2026-04","557b Aachener Straße"
"Cologne","3c046b18-2eab-44e5-b6e0-468344020c7a","Veganland","Cologne","Germany","osm-import-2026-04",""
"Cologne","d491a4c6-9de1-43d7-a4d2-50c8fb52e9a2","Mc Kebab","Cologne","Germany","osm-import-2026-04",""
"Cologne","045477a1-0b85-4414-ae4a-bfaa790b2af2","Veganland Cigkofte","Cologne","Germany","openstreetmap","71 Keupstraße"
"Cologne","af086582-1175-4571-b62f-b5df8e7cd650","Café Soleil","Cologne","Germany","osm-import-2026-04",""
"Cologne","742682d9-3a7d-4ed3-b72f-7d622f3a45be","Eis Panciera","Cologne","Germany","osm-import-2026-04",""
"Cologne","826ff358-cd28-405a-80f1-f9ebb17166d7","Çiğköftem","Cologne","Germany","osm-import-2026-04",""
"Cologne","24011513-753b-40e2-a153-94e4f690f9c7","pennycakes","Cologne","Germany","osm-import-2026-04","68 Alter Militärring"
"Cologne","ee86674a-54ac-4ed3-bbde-5286632c427d","PanAmore","Cologne","Germany","osm-import-2026-04",""
"Cologne","32fd550c-d128-4dd9-8103-bbec2de14c4a","Die Maultasche","Cologne","Germany","osm-import-2026-04",""
"Cologne","cb1b8563-2d75-49b4-9a9b-9fb4bbe54510","vevi","Cologne","Germany","openstreetmap","29 Brüsseler Straße, Köln, 50674, Deutschland"
"Cologne","4b9a7eca-f126-4ad8-a060-2128ff3216b6","Çiğköftem","Cologne","Germany","osm-import-2026-04",""
"Cologne","303b8ead-6eaa-49de-9b18-250535ce8333","Tiroler Stübchen","Cologne","Germany","osm-import-2026-04",""
"Cologne","8c0bdf07-a81b-4622-a089-19f80bd85def","finefine","Cologne","Germany","osm-import-2026-04",""
"Cologne","7e07cbc3-b4ee-4aca-b655-aca5ba74eb25","Veganland Cigkofte","Cologne","Germany","openstreetmap","38 Keupstraße"
"Cologne","5cad2357-aba1-4b48-aa72-1a280c1ef5c4","Veganland Cigköfte","Cologne","Germany","openstreetmap","176 Kalker Hauptstraße, Köln, 51103, Germany"
"Frankfurt am Main","bb27b5ae-3884-40cd-affe-6ccb8cc3707b","Cream & Sorbet","Frankfurt am Main","Germany","osm-import-2026-04",""
"Frankfurt am Main","b9665782-984f-4b11-802e-784792f70694","Meyer","Frankfurt am Main","Germany","osm-import-2026-04",""
"Frankfurt am Main","3172e046-8d8c-4d2f-919c-cd81873ab682","scoom","Frankfurt am Main","Germany","osm-import-2026-04",""
"Frankfurt am Main","d7921c9d-720d-4892-a272-6a310b50e7e3","Meyer","Frankfurt am Main","Germany","osm-import-2026-04",""
"Frankfurt am Main","a86f1757-a7d1-429e-8022-fd1813382cd4","Traffic Snack","Frankfurt am Main","Germany","osm-import-2026-04",""
"Frankfurt am Main","04ea350e-b82c-46a5-b4d8-db760f150e67","Ditsch","Frankfurt am Main","Germany","osm-import-2026-04",""
"Frankfurt am Main","287a8c24-8052-437f-99b1-9b48398b6fc3","Takumi","Frankfurt am Main","Germany","osm-import-2026-04",""
"Frankfurt am Main","387857ef-39a3-42bf-bb62-d873d1c88110","Snack 'n Coffee","Frankfurt am Main","Germany","osm-import-2026-04",""
"Frankfurt am Main","86e2e039-84e9-4cc0-ab88-72bc340bc949","Indian Curry","Frankfurt am Main","Germany","osm-import-2026-04",""
"Frankfurt am Main","61b525f8-29cb-447d-ba99-e04538fe22cd","Rashcook Falafel","Frankfurt am Main","Germany","osm-import-2026-04",""
"Frankfurt am Main","c89fa9fe-aa64-4580-8a0b-da95d23e2046","Mano","Frankfurt am Main","Germany","osm-import-2026-04",""
"Frankfurt am Main","d4baf1f8-646e-460d-bd33-a6cc8e609205","Antipodean Gelato","Frankfurt am Main","Germany","osm-import-2026-04",""
"Frankfurt am Main","f283adb8-0e2b-4ed2-bd6c-d3842de23026","Natoo","Frankfurt am Main","Germany","osm-import-2026-04",""
"Frankfurt am Main","d2c8d699-87b2-4d58-b664-9406e3430010","Izu","Frankfurt am Main","Germany","osm-import-2026-04",""
"Frankfurt am Main","cd6800a3-48eb-4e57-a5ed-979617082a48","Sonnenblume","Frankfurt am Main","Germany","osm-import-2026-04",""
"Frankfurt am Main","068815bd-1b7f-4a95-901a-c3c39e0615fa","Indian Curry","Frankfurt am Main","Germany","osm-import-2026-04",""
"Frankfurt am Main","4517dd62-3df6-491b-a76d-324e027c79b2","Frau Lang's Imbiss","Frankfurt am Main","Germany","osm-import-2026-04",""
"Frankfurt am Main","a9d66ef2-b5b9-4245-beb0-74dc68d8acd1","Asia Thai Food","Frankfurt am Main","Germany","osm-import-2026-04",""
"Frankfurt am Main","e6e31c1d-f798-45c6-a31a-73c6c28e4714","Mr. Clou","Frankfurt am Main","Germany","osm-import-2026-04",""
"Frankfurt am Main","b3295650-9823-4e96-b472-49b3f5cae08c","Bambus Haus","Frankfurt am Main","Germany","osm-import-2026-04","82 Bruchfeldstraße"
"Frankfurt am Main","c0099dde-68df-4910-958e-29130f51da10","Bestworscht in Town","Frankfurt am Main","Germany","osm-import-2026-04",""
"Frankfurt am Main","4b76ebc7-be90-4aac-b929-311dd439eb1e","Sunbap","Frankfurt am Main","Germany","openstreetmap","96 Friedberger Landstraße, Frankfurt am Main, 60316, Deutschland"
"Frankfurt am Main","2ddba6f8-01d2-4a09-9d45-13a92923202b","Asia Bistro","Frankfurt am Main","Germany","osm-import-2026-04",""
"Frankfurt am Main","084aacc4-09c2-4a6f-97fa-20ae7c5bf350","Nordsee","Frankfurt am Main","Germany","osm-import-2026-04","Am Hauptbahnhof"
"Frankfurt am Main","eb95d22c-1f56-4dc7-987e-346154540f79","District Bánh Mì","Frankfurt am Main","Germany","osm-import-2026-04",""
"Frankfurt am Main","25bccf3e-7d1b-4924-9a71-00da11bd4724","Thai Wok","Frankfurt am Main","Germany","osm-import-2026-04",""
"Frankfurt am Main","268d647b-c399-4f62-8b2f-d244623442c4","Lieblingsnachbar","Frankfurt am Main","Germany","osm-import-2026-04","61 Röderbergweg"
"Frankfurt am Main","b48e8030-5b1e-49ae-b3a3-3961e9d8f7ab","Sweet Churros","Frankfurt am Main","Germany","osm-import-2026-04",""
"Frankfurt am Main","259666d9-652a-44c3-a33e-1e65f7d69ca8","Ramen Jun Red","Frankfurt am Main","Germany","osm-import-2026-04",""
"Frankfurt am Main","f21fa75f-5bb6-4d04-9a15-9dea9125f8e7","Asia Street Cooking","Frankfurt am Main","Germany","osm-import-2026-04",""
"Frankfurt am Main","c0887356-8d38-464a-b7b3-53e279dc02cb","Pizzeria Schlaflos","Frankfurt am Main","Germany","osm-import-2026-04",""
"Frankfurt am Main","5f8209e0-c288-4fe6-a94e-9f5c970eed87","Eat Doori","Frankfurt am Main","Germany","osm-import-2026-04",""
"Frankfurt am Main","5e546efe-fff5-4e02-b892-c282d99125b1","Al Terrazzino","Frankfurt am Main","Germany","osm-import-2026-04",""
"Frankfurt am Main","b50681c6-fae3-474f-b550-77ec7b2ecf39","Eschenheimer Turm","Frankfurt am Main","Germany","osm-import-2026-04",""
"Taipei","e1c42034-cf1f-4a71-844e-2f16782834d1","Loving Hut","Taipei","Taiwan","openstreetmap","Songde Road, 11085 Taipei"
"Taipei","6795aa54-f467-4ee2-b54e-50bd0a77336d","全真素食","Taipei","Taiwan","openstreetmap","11 漢口街二段34巷"
"Taipei","d2a0ac4a-6a38-4794-a026-0be945f32aed","Yummy Vegan House","Taipei","Taiwan","osm_fresh_2026_04","19, 崇仁路一段, 台北市"
"Taipei","4324cad8-b990-4de4-8a98-3a43a5ac1192","Mianto 艾果豐","Taipei","Taiwan","openstreetmap","仁愛路三段123巷26弄, 10654 Taipei"
"Taipei","2fcf2d39-fd35-4f58-b701-78db9f57fc4d","Loving Hut Vegetarian","Taipei","Taiwan","osm_fresh_2026_04","Songde Road, 11085, Taipei"
"Taipei","a1ba2bf2-b0e9-4e3a-92c9-77be76c10943","Loving Hut","Taipei","Taiwan","openstreetmap","Lane 280, Guangfu South Road, 10694 Taipei"
"Taichung","5cb8030f-acbc-453d-b3e1-e85f31a04de6","Bluesomeone's Vegan Café","Taichung","Taiwan","osm_fresh_2026_04","綠川西街25巷, 403, Taichung"
"Taichung","54b08be1-b3c0-4ac0-b552-815ac2184b25","Quisine","Taichung","Taiwan","openstreetmap","Shenyang Road Section 2, 406 Taichung"
"Beijing","c5730719-16aa-4c6d-8d66-7a90ab3545f9","merit forest","Beijing","China","openstreetmap","2号 前门东大街, China"
"Beijing","6cab780c-1ee7-4aad-b91f-eb976db3046c","素虎净素","Beijing","China","openstreetmap","前门西大街, 100032 Xicheng District"
"Beijing","3fa81922-02d6-42a5-b3bf-fb7c8727d9de","Vegspot","Beijing","China","openstreetmap","Gongrentiyuchang North Road, 100020 Chaoyang District"
"Beijing","9a810c0d-04ed-4839-8841-4f73b9988a96","素虎蔬食","Beijing","China","osm-import-2026-04",""
"Beijing","b221a24d-0647-4bcb-9080-5d565d0a26c2","Suhujingsu","Beijing","China","openstreetmap","前门西大街, China"
"Beijing","738827e0-ffd0-4bb1-a892-0c86c60603c8","Vege-Tiger Vegan Buffet","Beijing","China","osm_fresh_2026_04","前门西大街, 100032 Xicheng District"
"Beijing","49a37133-f522-48a4-b8db-1f2005fa81f0","素虎","Beijing","China","osm_fresh_2026_04","100093, Haidian District"
"Beijing","5cb60345-ddad-4270-bdc1-745c9f82d295","素虎蔬食料理","Beijing","China","osm_fresh_2026_04","TianChen East Road, 100101, Chaoyang District"
"Beijing","e55a2031-d591-4d59-8c85-7fe63ef6adeb","Vegetarian Tiger Vegetarian Cuisine","Beijing","China","openstreetmap","TianChen East Road, 100101 Chaoyang District"
"Beijing","9f526816-2173-401a-b936-15e748accdec","功德林","Beijing","China","openstreetmap","2号 前门东大街"
"Beijing","3d97d3ef-2f6a-4d11-b0b0-403392b669ee","Vegan","Beijing","China","openstreetmap","Chaowai North Street, 100001 Chaoyang District"