Place ID,Name,City,Country,Current level,Suggested PlantsPack level,Confidence,Action,Priority,decision,changes_applied,review_reason
abfb97cc-9d57-47f3-994a-e32fff12ccf3,BiOsteria Saltatempo,Rome,Italy,100% vegan,100% vegan,Medium,Verify 100% vegan,P0,review,,100% vegan verification requires manual menu check
96c6502e-3ce3-4fec-82d4-8175d009a3f9,Fratelli Piermattei,Rome,Italy,100% vegan,100% vegan,Medium,Find website/source / Add hours / Add image / Verify 100% vegan,P0,review,,100% vegan verification requires manual menu check
9cc5d7aa-c9a0-4ea8-a085-bfb34bbdb8d0,Impact Food,Rome,Italy,100% vegan,100% vegan,Medium,Add image / Verify 100% vegan,P0,review,,100% vegan verification requires manual menu check
98ffb253-3863-4c0c-9293-f545ddebcc46,Le Bistrot,Rome,Italy,100% vegan,100% vegan,Medium,Find website/source / Add image / Verify 100% vegan,P0,review,,100% vegan verification requires manual menu check
0a8d2b82-3418-4231-b8ea-a2400d1519fa,Mille idee di pizza,Rome,Italy,Vegan friendly,Vegan options,Low,Change level / Find website/source / Add image,P0,review,,Downgrade vegan_friendly -> vegan_options but confidence=Low — surfacing for human review
19153257-62ed-4294-a11e-b35fc9917c8f,Mordi e Faggi,Rome,Italy,Vegan friendly,Vegan options,Low,Change level / Find website/source / Add image,P0,review,,Downgrade vegan_friendly -> vegan_options but confidence=Low — surfacing for human review
eb5d45a9-7a6d-4451-a174-24eb51fae8bb,Ops!,Rome,Italy,100% vegan,100% vegan,Medium,Verify 100% vegan,P0,review,,100% vegan verification requires manual menu check
68501e17-bec1-422d-a7c3-3fe0f348d392,Otaleg,Rome,Italy,100% vegan,100% vegan,Medium,Verify 100% vegan,P0,review,,100% vegan verification requires manual menu check
a80c007d-b865-4623-ad78-71bedb3deef4,Passione Vegana,Rome,Italy,100% vegan,100% vegan,Medium,Find website/source / Fix address / Add hours / Add image / Verify 100% vegan,P0,review,,100% vegan verification requires manual menu check
72fb2973-be81-4552-b75f-22f1cd282b4b,Pizza & Sfizi,Rome,Italy,Vegan friendly,Vegan options,Low,Change level / Find website/source / Add hours / Add image,P0,review,,Downgrade vegan_friendly -> vegan_options but confidence=Low — surfacing for human review
d8d171b1-2ba3-4780-a94b-891a2f16dde3,Radagast Vegan Bakery,Rome,Italy,100% vegan,100% vegan,Medium,Verify 100% vegan,P0,review,,100% vegan verification requires manual menu check
60c03dc4-ba1f-42b9-a280-6290e98576f6,REWILD,Rome,Italy,100% vegan,100% vegan,Medium,Add hours / Add image / Verify 100% vegan,P0,review,,100% vegan verification requires manual menu check
800e60f3-f737-4f90-ab12-8102a12be1b0,Rifugio romano,Rome,Italy,100% vegan,100% vegan,Medium,Add hours / Add image / Verify 100% vegan,P0,review,,100% vegan verification requires manual menu check
71b04765-de6f-4bcc-89c9-f016b13d0aa4,#RAW,Florence,Italy,100% vegan,100% vegan,Medium,Add image / Verify 100% vegan,P0,review,,100% vegan verification requires manual menu check
01375a4f-3881-42df-b984-97038390d73b,Cortese - The raw patisserie,Florence,Italy,100% vegan,100% vegan,Medium,Verify 100% vegan,P0,review,,100% vegan verification requires manual menu check
dcac028d-d1e2-4eb5-817c-318c198b14ae,Dolce Vegan,Florence,Italy,100% vegan,100% vegan,Medium,Add hours / Add image / Verify 100% vegan,P0,review,,100% vegan verification requires manual menu check
e8c84515-69fe-4894-b379-3fa2c3ac5e11,Giumella Gastronomia Vegana,Florence,Italy,100% vegan,100% vegan,Medium,Verify 100% vegan,P0,review,,100% vegan verification requires manual menu check
c1e4e938-6893-4313-bcdd-8680b3f47587,Il vegano,Florence,Italy,100% vegan,100% vegan,Medium,Verify 100% vegan,P0,review,,100% vegan verification requires manual menu check
a45b49c4-609a-43fa-916f-4d03241e51da,Il vegetariano e vegano Marcella Bianchi,Florence,Italy,100% vegan,100% vegan,Medium,Find website/source / Add hours / Add image / Verify 100% vegan,P0,review,,100% vegan verification requires manual menu check
0c306d16-9e73-442b-8a80-af63171ae689,Mensa universitaria Caponnetto,Florence,Italy,Vegan friendly,Vegan options,Low,Change level / Find website/source / Fix address / Add image,P0,review,,Downgrade vegan_friendly -> vegan_options but confidence=Low — surfacing for human review
44fc1063-3d7b-4f99-b55e-e544af166b1d,Nirvana,Florence,Italy,100% vegan,100% vegan,Medium,Verify 100% vegan,P0,review,,100% vegan verification requires manual menu check
b86923a0-2c29-4517-a93b-dcd5e8f66b0b,Santo Falafel,Florence,Italy,100% vegan,100% vegan,Medium,Verify 100% vegan,P0,review,,100% vegan verification requires manual menu check
9bafd229-1c8a-40bb-8731-d7e24cd72b43,Ti Do Una Pizza,Florence,Italy,Vegan friendly,Vegan options,Low,Change level / Add hours / Add image,P0,review,,Downgrade vegan_friendly -> vegan_options but confidence=Low — surfacing for human review
1e59665f-8597-4dc7-8a6a-4a6361732931,Tripperia vegana TAN8,Florence,Italy,100% vegan,100% vegan,Medium,Verify 100% vegan,P0,review,,100% vegan verification requires manual menu check
5f788624-bf50-4e46-b85b-585c06f24671,Arrecrià,Naples,Italy,100% vegan,100% vegan,Medium,Verify 100% vegan,P0,review,,100% vegan verification requires manual menu check
2a767932-99d5-4bfc-8695-2249a93ed245,Macelleria Vegetariana Italia,Naples,Italy,100% vegan,100% vegan,Medium,Find website/source / Add hours / Add image / Verify 100% vegan,P0,review,,100% vegan verification requires manual menu check
82c71018-0b96-4a17-8e80-3aaa31c2c34a,VeganArt,Naples,Italy,100% vegan,100% vegan,Medium,Add image / Verify 100% vegan,P0,review,,100% vegan verification requires manual menu check
4cf714a4-ef27-4574-807a-b5ef151a2068,La Tecia Vegana,Venice,Italy,100% vegan,100% vegan,Medium,Verify 100% vegan,P0,review,,100% vegan verification requires manual menu check
69f04ea4-342e-45a3-a0b9-be1ff419adb4,Flower Burger Palermo,Palermo,Italy,100% vegan,100% vegan,Medium,Add hours / Verify 100% vegan,P0,review,,100% vegan verification requires manual menu check
a821b227-85b4-4174-99c5-75e6943a92f7,Haiku,Palermo,Italy,100% vegan,100% vegan,Medium,Add image / Verify 100% vegan,P0,review,,100% vegan verification requires manual menu check
f256c7ea-05b2-48d1-9d54-0819fe134166,Teco,Palermo,Italy,100% vegan,100% vegan,Low,Find website/source / Add image / Verify 100% vegan,P0,review,,100% vegan verification requires manual menu check
8e792ee4-1b33-4341-935a-ae72f60b4d25,Plante Lab,Catania,Italy,100% vegan,100% vegan,Medium,Add image / Verify 100% vegan,P0,review,,100% vegan verification requires manual menu check
40ce6cc4-9aa3-414a-a5f0-12899539be63,Alfredo,Barcelona,Spain,Vegan friendly,Vegan options,Low,Change level / Find website/source / Add hours / Add image,P0,review,,Downgrade vegan_friendly -> vegan_options but confidence=Low — surfacing for human review
91496728-5104-4270-a445-710dbaf3eb2a,Areca Bakery,Barcelona,Spain,100% vegan,100% vegan,Medium,Verify 100% vegan,P0,review,,100% vegan verification requires manual menu check
c46a71a9-b04a-4d66-97fc-07d2fe2dd5e1,Asante Cafe,Barcelona,Spain,100% vegan,100% vegan,Medium,Verify 100% vegan,P0,review,,100% vegan verification requires manual menu check
c324d9c7-dfa7-43b8-9545-1bcf431ecfb3,Bar Celoneta Sangria Bar,Barcelona,Spain,100% vegan,100% vegan,Medium,Verify 100% vegan,P0,review,,100% vegan verification requires manual menu check
6994df35-83e0-491e-8582-75e7e701e70c,Bar Thonet Grill Room,Barcelona,Spain,Vegan friendly,Vegan options,Low,Change level / Add hours,P0,review,,Downgrade vegan_friendly -> vegan_options but confidence=Low — surfacing for human review
e1e310f5-c006-4467-b476-fb98f0ff95ad,Blu Bar,Barcelona,Spain,100% vegan,100% vegan,Medium,Verify 100% vegan,P0,review,,100% vegan verification requires manual menu check
25c05adc-9b5b-473f-a676-a0ec63d5011b,Cat Bar,Barcelona,Spain,100% vegan,100% vegan,Medium,Add hours / Add image / Verify 100% vegan,P0,review,,100% vegan verification requires manual menu check
ec288e5e-8111-4c34-8800-85b1fed1a6fe,CatBar,Barcelona,Spain,100% vegan,100% vegan,Medium,Verify 100% vegan,P0,review,,100% vegan verification requires manual menu check
2e842747-fb26-40f7-b82c-f7867b140289,Chök,Barcelona,Spain,100% vegan,100% vegan,Medium,Verify 100% vegan,P0,review,,100% vegan verification requires manual menu check
7a307e9b-48b5-48e7-8777-0c23e783c2b8,Chök,Barcelona,Spain,100% vegan,100% vegan,Medium,Verify 100% vegan,P0,review,,100% vegan verification requires manual menu check
f2978feb-dd64-429b-8f5a-6121c4908418,Chök,Barcelona,Spain,100% vegan,100% vegan,Medium,Verify 100% vegan,P0,review,,100% vegan verification requires manual menu check
2675f97f-c18c-45d8-a754-b80104d4d1f0,Desoriente,Barcelona,Spain,100% vegan,100% vegan,Medium,Verify 100% vegan,P0,review,,100% vegan verification requires manual menu check
140c35f0-a48f-42cd-9022-66cb8b5bc421,Falafel Of Shani,Barcelona,Spain,100% vegan,100% vegan,Medium,Add hours / Verify 100% vegan,P0,review,,100% vegan verification requires manual menu check
e48ef4dc-a1b4-4e4a-a831-61e279ce4438,Frolis,Barcelona,Spain,100% vegan,100% vegan,Medium,Find website/source / Add image / Verify 100% vegan,P0,review,,100% vegan verification requires manual menu check
55196d81-f19b-40e0-9f98-8aa4ed29a233,"Good Shit, Vegan Kebabs",Barcelona,Spain,100% vegan,100% vegan,Medium,Verify 100% vegan,P0,review,,100% vegan verification requires manual menu check
7b83cffb-1187-4864-a92c-25149e7b58d3,Grans de la Terra,Barcelona,Spain,100% vegan,100% vegan,Medium,Verify 100% vegan,P0,review,,100% vegan verification requires manual menu check
261d5f66-2288-4e7f-a52c-89efef467ed6,Hanai,Barcelona,Spain,100% vegan,100% vegan,Medium,Add hours / Verify 100% vegan,P0,review,,100% vegan verification requires manual menu check
1d5dd0c9-d30b-4fa0-8cbb-60d797fe8425,Heura,Barcelona,Spain,100% vegan,100% vegan,High,Add hours / Add image / Verify 100% vegan,P0,review,,100% vegan verification requires manual menu check
1018f3d2-37ad-46f2-9e80-aa59cb6b14c3,La Capritxeria,Barcelona,Spain,100% vegan,100% vegan,Medium,Find website/source / Add hours / Verify 100% vegan,P0,review,,100% vegan verification requires manual menu check
1571fdb3-ac77-4b25-81bf-8cae6a1d1611,La Perra Verde,Barcelona,Spain,100% vegan,100% vegan,Medium,Find website/source / Verify 100% vegan,P0,review,,100% vegan verification requires manual menu check
3248385b-a434-4cb9-aa10-0d387cc2df40,La Petita Vegana,Barcelona,Spain,100% vegan,100% vegan,Medium,Find website/source / Add hours / Verify 100% vegan,P0,review,,100% vegan verification requires manual menu check
65c6a52d-08eb-496a-9e8d-468d45e49bec,Mad Mad Vegan - Barcelona,Barcelona,Spain,100% vegan,100% vegan,Medium,Verify 100% vegan,P0,review,,100% vegan verification requires manual menu check
b6090e49-2bcf-44a2-83f1-fc167b9725cf,Mango and Caoba,Barcelona,Spain,100% vegan,100% vegan,Medium,Verify 100% vegan,P0,review,,100% vegan verification requires manual menu check
18c4e93d-e243-4ba0-885c-3f8826e28753,Maoz,Barcelona,Spain,100% vegan,100% vegan,Medium,Add image / Verify 100% vegan,P0,review,,100% vegan verification requires manual menu check
eb697ada-0045-4fc9-a5c9-7e90c9caf074,Mundo Vegan,Barcelona,Spain,100% vegan,100% vegan,Medium,Verify 100% vegan,P0,review,,100% vegan verification requires manual menu check
3a336616-365f-4741-82c1-537b705e75e2,Natury,Barcelona,Spain,100% vegan,100% vegan,Medium,Add hours / Verify 100% vegan,P0,review,,100% vegan verification requires manual menu check
e4bab46e-b4a4-45ed-9dca-76db4d0ba603,Pasta Madre,Barcelona,Spain,Vegan friendly,Vegan options,Low,Change level / Find website/source / Add image,P0,review,,Downgrade vegan_friendly -> vegan_options but confidence=Low — surfacing for human review
4199839b-35dc-4337-b7c7-8649ad4b00b7,PASTAn,Barcelona,Spain,100% vegan,100% vegan,Medium,Find website/source / Add hours / Verify 100% vegan,P0,review,,100% vegan verification requires manual menu check
001aa325-7acb-456f-9867-8a1a1206fadf,Pizza Paco,Barcelona,Spain,Vegan friendly,Vegan options,Low,Change level / Find website/source / Add hours / Add image,P0,review,,Downgrade vegan_friendly -> vegan_options but confidence=Low — surfacing for human review
02aa26b0-ff45-47fa-9a44-4e0163d38cdb,Pötstot,Barcelona,Spain,100% vegan,100% vegan,Medium,Verify 100% vegan,P0,review,,100% vegan verification requires manual menu check
c60d995f-e515-4ee8-9b65-1ec16ec6e48d,Restaurant Miquetes Màgiques,Barcelona,Spain,100% vegan,100% vegan,Medium,Add hours / Verify 100% vegan,P0,review,,100% vegan verification requires manual menu check
76ebb6a8-1461-4415-93dc-c931e25583dc,Santa Clara,Barcelona,Spain,100% vegan,100% vegan,Medium,Add hours / Add image / Verify 100% vegan,P0,review,,100% vegan verification requires manual menu check
6df0bdbe-c343-43b5-988d-f6e4a43f6986,Santoni,Barcelona,Spain,100% vegan,100% vegan,Medium,Find website/source / Fix address / Add image / Verify 100% vegan,P0,review,,100% vegan verification requires manual menu check
f96b36dc-1863-477e-aaa9-77c344faf7c2,The Burger Maker,Barcelona,Spain,Vegan friendly,Vegan options,Low,Change level / Find website/source / Add image,P0,review,,Downgrade vegan_friendly -> vegan_options but confidence=Low — surfacing for human review
82bfc9d3-dcf2-47d5-ab1d-6ce54dc232bb,The Livingfood,Barcelona,Spain,100% vegan,100% vegan,Medium,Add image / Verify 100% vegan,P0,review,,100% vegan verification requires manual menu check
0e6a9e72-d07d-4083-ae2f-40c13f28c515,The Vegan Corner,Barcelona,Spain,100% vegan,100% vegan,Medium,Add image / Verify 100% vegan,P0,review,,100% vegan verification requires manual menu check
92e3544c-55ee-4bd9-83b4-2e8c5519b86b,Tonka,Barcelona,Spain,100% vegan,100% vegan,Medium,Find website/source / Add hours / Add image / Verify 100% vegan,P0,review,,100% vegan verification requires manual menu check
c63de601-d62f-4ac6-8301-d685d59879e5,V Market,Barcelona,Spain,100% vegan,100% vegan,Medium,Add hours / Add image / Verify 100% vegan,P0,review,,100% vegan verification requires manual menu check
a78cf479-2dd0-417b-a2a6-b9af5704cd71,Vacka,Barcelona,Spain,100% vegan,100% vegan,Medium,Add image / Verify 100% vegan,P0,review,,100% vegan verification requires manual menu check
2d934c90-f78b-41fc-a325-d069fa68dee7,Vegan Mount,Barcelona,Spain,100% vegan,100% vegan,Medium,Verify 100% vegan,P0,review,,100% vegan verification requires manual menu check
c6856727-735b-455e-8746-8ddc539140c7,Veganashi,Barcelona,Spain,100% vegan,100% vegan,Medium,Verify 100% vegan,P0,review,,100% vegan verification requires manual menu check
277f1f1b-abf6-4e62-bee1-be66ac17311d,Velada,Barcelona,Spain,100% vegan,100% vegan,Medium,Verify 100% vegan,P0,review,,100% vegan verification requires manual menu check
3a12ab00-fffc-44c4-b0e1-709170d2e480,Vrutal,Barcelona,Spain,100% vegan,100% vegan,Medium,Add hours / Verify 100% vegan,P0,review,,100% vegan verification requires manual menu check
dab7085f-7929-49df-a30d-6104cb4efeae,Aymat Vegano,Madrid,Spain,100% vegan,100% vegan,Medium,Add hours / Verify 100% vegan,P0,review,,100% vegan verification requires manual menu check
ac5c54bc-cd24-4ca6-8d6c-d74f35eac3e5,B13 bar,Madrid,Spain,100% vegan,100% vegan,Medium,Add hours / Verify 100% vegan,P0,review,,100% vegan verification requires manual menu check
75df17f2-3029-40ab-9aa0-167fad8c5f1e,Bite Me Café,Madrid,Spain,100% vegan,100% vegan,Medium,Verify 100% vegan,P0,review,,100% vegan verification requires manual menu check
e60a4453-53db-4738-82df-ac95a57d335b,Burnout,Madrid,Spain,Vegan friendly,Vegan options,Low,Change level / Add hours,P0,review,,Downgrade vegan_friendly -> vegan_options but confidence=Low — surfacing for human review
5efeb643-0b85-4971-9654-00eb8f7f5efb,Choose Restaurante Vegano,Madrid,Spain,100% vegan,100% vegan,Medium,Add hours / Verify 100% vegan,P0,review,,100% vegan verification requires manual menu check
fc1068b0-8c69-4b33-ab50-81618c44b6f8,Cookaluzka,Madrid,Spain,100% vegan,100% vegan,Medium,Verify 100% vegan,P0,review,,100% vegan verification requires manual menu check
a1ccd5e3-1f4e-47c4-848a-363cd84385bf,Delish Vegan Doughnuts,Madrid,Spain,100% vegan,100% vegan,Medium,Verify 100% vegan,P0,review,,100% vegan verification requires manual menu check
45d1e310-67d0-4fa0-b4f6-6bf493aefb7f,Distrito Vegano Invernadero,Madrid,Spain,100% vegan,100% vegan,Medium,Find website/source / Add hours / Verify 100% vegan,P0,review,,100% vegan verification requires manual menu check
92e9a8f3-c941-4257-be19-564b2f1a8991,Dolce&Vegana,Madrid,Spain,100% vegan,100% vegan,Medium,Find website/source / Verify 100% vegan,P0,review,,100% vegan verification requires manual menu check
e234130b-672f-44fd-be73-9b5815c51243,Don Gato Bar,Madrid,Spain,100% vegan,100% vegan,Medium,Verify 100% vegan,P0,review,,100% vegan verification requires manual menu check
c8695af0-1014-41e4-ad83-5acff94975c0,Doxa Plant Based,Madrid,Spain,100% vegan,100% vegan,Medium,Find website/source / Add hours / Add image / Verify 100% vegan,P0,review,,100% vegan verification requires manual menu check
90d044e2-cf47-4683-9ef0-54aed85ac99c,El rey de las hamburguesas,Madrid,Spain,Vegan friendly,Vegan options,Low,Change level / Find website/source / Add image,P0,review,,Downgrade vegan_friendly -> vegan_options but confidence=Low — surfacing for human review
924fe236-a25c-413f-8c18-99edc3904fec,Fantastic V,Madrid,Spain,100% vegan,100% vegan,Medium,Find website/source / Add hours / Add image / Verify 100% vegan,P0,review,,100% vegan verification requires manual menu check
97ce9628-5e8e-47c9-a5da-04ee7fa7a9ba,Freedom Pizza,Madrid,Spain,100% vegan,100% vegan,Medium,Verify 100% vegan,P0,review,,100% vegan verification requires manual menu check
1c693129-090e-489e-bf19-cdf09ef949dd,Frutas Prohibidas,Madrid,Spain,100% vegan,100% vegan,Medium,Verify 100% vegan,P0,review,,100% vegan verification requires manual menu check
41be195c-e86b-4921-8b2a-dbb57d4a689d,Gran Nemrut Oporto,Madrid,Spain,Vegan friendly,Vegan options,Low,Change level / Find website/source / Fix address / Add hours / Add image,P0,review,,Downgrade vegan_friendly -> vegan_options but confidence=Low — surfacing for human review
aaf13980-ba07-42e6-b5f7-619a158b5122,Hakuna matata veggie,Madrid,Spain,100% vegan,100% vegan,Medium,Find website/source / Fix address / Add hours / Add image / Verify 100% vegan,P0,review,,100% vegan verification requires manual menu check
c5f53c00-e672-4476-a05a-a1b1cde65b5f,Kebab El Couto,Madrid,Spain,Vegan friendly,Vegan options,Low,Change level / Find website/source / Add hours / Add image,P0,review,,Downgrade vegan_friendly -> vegan_options but confidence=Low — surfacing for human review
c402b4d4-3a31-4a98-b178-02e491a38082,La Alpargata bar vegano,Madrid,Spain,100% vegan,100% vegan,Medium,Find website/source / Add hours / Verify 100% vegan,P0,review,,100% vegan verification requires manual menu check
11212bd8-f257-49a0-854d-9b05e0f592ef,La Cotidiana | casa de comidas,Madrid,Spain,100% vegan,100% vegan,Medium,Verify 100% vegan,P0,review,,100% vegan verification requires manual menu check
85278ac7-4335-4233-ae52-dbaaba456b5c,La Encomienda,Madrid,Spain,100% vegan,100% vegan,Medium,Verify 100% vegan,P0,review,,100% vegan verification requires manual menu check
bc0ea1de-fdfb-4fec-a95d-370e1b9e7574,La Oveja Negra - Taberna Vegana,Madrid,Spain,100% vegan,100% vegan,Medium,Verify 100% vegan,P0,review,,100% vegan verification requires manual menu check
246b9e4e-97cb-4ee2-ae08-d3f2bf64d257,Lara Grill,Madrid,Spain,Vegan friendly,Vegan options,Low,Change level / Add hours,P0,review,,Downgrade vegan_friendly -> vegan_options but confidence=Low — surfacing for human review
e3bbe880-4e23-45eb-b783-2f25d7799637,Los andenes,Madrid,Spain,100% vegan,100% vegan,Medium,Add hours / Verify 100% vegan,P0,review,,100% vegan verification requires manual menu check
993ae32d-d170-4354-abc1-6e0af18e29d0,Los Andenes,Madrid,Spain,100% vegan,100% vegan,Medium,Add hours / Verify 100% vegan,P0,review,,100% vegan verification requires manual menu check
b2381bb5-eafb-4d9a-8420-ee1043503dd8,Mad Mad Vegan,Madrid,Spain,100% vegan,100% vegan,Medium,Verify 100% vegan,P0,review,,100% vegan verification requires manual menu check
39a3ef78-b73f-4e70-b8f4-c054dd198c42,Mad Mad Vegan,Madrid,Spain,100% vegan,100% vegan,Medium,Verify 100% vegan,P0,review,,100% vegan verification requires manual menu check
e64dbb0a-04dc-4694-9ad0-7518d5993a31,Masa Madre,Madrid,Spain,100% vegan,100% vegan,Medium,Verify 100% vegan,P0,review,,100% vegan verification requires manual menu check
7b2cc443-8c74-4da4-a5f9-b51b27bbbea7,Mudrá,Madrid,Spain,100% vegan,100% vegan,Medium,Add hours / Verify 100% vegan,P0,review,,100% vegan verification requires manual menu check
6ebf7495-6dbc-485c-a7a8-0dbc03ec2a39,Musgo,Madrid,Spain,100% vegan,100% vegan,Medium,Find website/source / Add hours / Verify 100% vegan,P0,review,,100% vegan verification requires manual menu check
6c8cb23c-2040-4cf7-a545-787a5af1c3cc,Pizzie & Dixie,Madrid,Spain,100% vegan,100% vegan,Medium,Add hours / Verify 100% vegan,P0,review,,100% vegan verification requires manual menu check
8e603939-b504-44fc-a6c9-405044ed431e,Plantamientos,Madrid,Spain,100% vegan,100% vegan,Medium,Verify 100% vegan,P0,review,,100% vegan verification requires manual menu check
7a1fc568-dc22-4298-8039-2c9820e7c6c9,Punto Vegano,Madrid,Spain,100% vegan,100% vegan,Medium,Verify 100% vegan,P0,review,,100% vegan verification requires manual menu check
7ef91b41-b1a0-4862-9633-ec0d1c5b93f6,Pura Vida Vegan Bar,Madrid,Spain,100% vegan,100% vegan,Medium,Add hours / Verify 100% vegan,P0,review,,100% vegan verification requires manual menu check
cf1789d1-0432-43e0-a30b-0184035538f6,Restaurante Vegania,Madrid,Spain,100% vegan,100% vegan,Medium,Add hours / Verify 100% vegan,P0,review,,100% vegan verification requires manual menu check
993fdea7-1db8-45fb-8462-1e17f9746695,Santa y Pura,Madrid,Spain,100% vegan,100% vegan,Medium,Verify 100% vegan,P0,review,,100% vegan verification requires manual menu check
8844cfc2-5c0e-4390-b0a6-7550196da7fc,shlen,Madrid,Spain,100% vegan,100% vegan,Medium,Verify 100% vegan,P0,review,,100% vegan verification requires manual menu check
7c2da88e-7926-4158-acf8-f50f07a17bbf,The Good Burger,Madrid,Spain,Vegan friendly,Vegan options,Low,Change level / Find website/source / Add hours / Add image,P0,review,,Downgrade vegan_friendly -> vegan_options but confidence=Low — surfacing for human review
956b7e34-70ed-4c79-94c8-4ac5dcd47c41,The Vegan Roll,Madrid,Spain,100% vegan,100% vegan,Medium,Add hours / Verify 100% vegan,P0,review,,100% vegan verification requires manual menu check
9fb8eb94-4929-4a5a-a56e-0842476d2515,The Vegan Store,Madrid,Spain,100% vegan,100% vegan,Medium,Add hours / Add image / Verify 100% vegan,P0,review,,100% vegan verification requires manual menu check
036b3241-f2fa-4572-bdf4-aa6e96cb0bdc,Thunder,Madrid,Spain,100% vegan,100% vegan,Medium,Add hours / Verify 100% vegan,P0,review,,100% vegan verification requires manual menu check
990d7e19-627d-412e-ba33-7d1e9299a4f4,VEGA,Madrid,Spain,100% vegan,100% vegan,Medium,Verify 100% vegan,P0,review,,100% vegan verification requires manual menu check
78527c72-7b60-459c-a1d1-954bbaa85c96,VEGA Álamo,Madrid,Spain,100% vegan,100% vegan,Medium,Add hours / Verify 100% vegan,P0,review,,100% vegan verification requires manual menu check
467dc6ae-840b-488d-bb9e-d994dd5ae942,VegAmazing Doughnuts,Madrid,Spain,100% vegan,100% vegan,Medium,Add hours / Verify 100% vegan,P0,review,,100% vegan verification requires manual menu check
0631b7ae-da76-4fbf-9c00-db4fa2b45063,Vegania Veggie Bar Carabanchel,Madrid,Spain,100% vegan,100% vegan,Medium,Verify 100% vegan,P0,review,,100% vegan verification requires manual menu check
9c144948-416a-42c7-92fb-5760d84706bf,Veguiterráneo - Catering y restaurante,Madrid,Spain,100% vegan,100% vegan,Medium,Verify 100% vegan,P0,review,,100% vegan verification requires manual menu check
feb4c563-e6b4-4a2c-b45a-c9d5948f404f,Vida La Vida,Madrid,Spain,100% vegan,100% vegan,Medium,Add hours / Add image / Verify 100% vegan,P0,review,,100% vegan verification requires manual menu check
c75eba68-7fa5-481c-9bea-8adb87c7237a,Viva Chapata,Madrid,Spain,100% vegan,100% vegan,Medium,Add hours / Verify 100% vegan,P0,review,,100% vegan verification requires manual menu check
e57c5084-59fc-434b-8622-f5d9a34be276,Yantén Veggie Bar,Madrid,Spain,100% vegan,100% vegan,Medium,Find website/source / Add hours / Add image / Verify 100% vegan,P0,review,,100% vegan verification requires manual menu check
b755d7ea-cdda-438a-b2c7-eaa8e26c6300,Almalibre Açaí House El Carmen,Valencia,Spain,100% vegan,100% vegan,Medium,Verify 100% vegan,P0,review,,100% vegan verification requires manual menu check
8d5a90f6-fa2b-4b02-991c-18fecf9c1c6f,Bio Restaurant Tarta de Zanahoria,Valencia,Spain,100% vegan,100% vegan,Medium,Verify 100% vegan,P0,review,,100% vegan verification requires manual menu check
c7849bff-4a7e-49b1-9810-bcf37bb22d5e,Café Madrigal,Valencia,Spain,100% vegan,100% vegan,Medium,Verify 100% vegan,P0,review,,100% vegan verification requires manual menu check
58f648b3-78df-4123-9df7-cbd4ebbef4b5,CSOA l'Horta,Valencia,Spain,100% vegan,100% vegan,Medium,Add hours / Verify 100% vegan,P0,review,,100% vegan verification requires manual menu check
c37bcfb0-deaa-4db0-8623-2a8ffb7ae434,Jardín Urbano,Valencia,Spain,100% vegan,100% vegan,Medium,Verify 100% vegan,P0,review,,100% vegan verification requires manual menu check
23254e5a-053c-46dd-b06a-4ea0af4c21bc,Khambú,Valencia,Spain,100% vegan,100% vegan,Medium,Verify 100% vegan,P0,review,,100% vegan verification requires manual menu check
b68604b3-ff9b-47fd-85d2-618e5ace76be,Khambú - Ruzafa,Valencia,Spain,100% vegan,100% vegan,Medium,Verify 100% vegan,P0,review,,100% vegan verification requires manual menu check
32eec0b5-c4e7-4128-8ec1-9e505e5bece1,La Tavernaire,Valencia,Spain,100% vegan,100% vegan,Medium,Find website/source / Add image / Verify 100% vegan,P0,review,,100% vegan verification requires manual menu check
dbb3e901-5943-4ea3-8999-61ef4d47739f,Mestiza,Valencia,Spain,100% vegan,100% vegan,Medium,Find website/source / Verify 100% vegan,P0,review,,100% vegan verification requires manual menu check
9f6d6846-338b-4d89-8cba-84a639e471c0,Prasad Take Away,Valencia,Spain,100% vegan,100% vegan,Medium,Verify 100% vegan,P0,review,,100% vegan verification requires manual menu check
ee42b0e4-e168-4d7d-8d7d-cb35bd361254,Restaurante Amberes,Valencia,Spain,100% vegan,100% vegan,Medium,Add hours / Verify 100% vegan,P0,review,,100% vegan verification requires manual menu check
0cb96aaf-4175-4e97-ba34-fd4183f804ef,The Nature,Valencia,Spain,100% vegan,100% vegan,Medium,Find website/source / Add hours / Verify 100% vegan,P0,review,,100% vegan verification requires manual menu check
8e6b62ec-a41e-4fa2-914f-9ab0d80e3358,Unsushi,Valencia,Spain,100% vegan,100% vegan,Medium,Verify 100% vegan,P0,review,,100% vegan verification requires manual menu check
0e9655a4-3a31-4d5b-a513-09ba346a598c,Vegetas,Valencia,Spain,100% vegan,100% vegan,Medium,Find website/source / Add image / Verify 100% vegan,P0,review,,100% vegan verification requires manual menu check
bcfe335b-ec03-42e7-a2ef-81334e07dc12,Food Lab,Ibiza,Spain,Vegan friendly,Vegan options,Low,Change level / Find website/source / Add hours / Add image,P0,review,,Downgrade vegan_friendly -> vegan_options but confidence=Low — surfacing for human review
3418091c-d0eb-4003-9ec3-f630ff9a78a5,Kasa Sukha,Ibiza,Spain,100% vegan,100% vegan,Medium,Find website/source / Add hours / Add image / Verify 100% vegan,P0,review,,100% vegan verification requires manual menu check
89de0a0b-757d-46e7-a4a7-a079308902d3,La Paloma,Ibiza,Spain,Vegan friendly,Vegan options,Low,Change level / Add hours,P0,review,,Downgrade vegan_friendly -> vegan_options but confidence=Low — surfacing for human review
4245e91b-95ae-4d95-87cb-8b36344a45f5,MIKASA Plant-Based Kitchen,Ibiza,Spain,100% vegan,100% vegan,High,Add hours / Verify 100% vegan,P0,review,,100% vegan verification requires manual menu check
3ebd0443-553c-4cb4-aa0b-8cc042e03e5f,Plant Veggie Bistrot by Can Domingo,Ibiza,Spain,100% vegan,100% vegan,Medium,Find website/source / Add image / Verify 100% vegan,P0,review,,100% vegan verification requires manual menu check
2f57a70b-48d2-4742-b46c-61858d1a2458,Sa Gulita,Ibiza,Spain,100% vegan,100% vegan,High,Add hours / Add image / Verify 100% vegan,P0,review,,100% vegan verification requires manual menu check
26bdf78f-020c-448b-9c0f-2f6dd43f602f,Simbiosis,Ibiza,Spain,100% vegan,100% vegan,Medium,Add hours / Add image / Verify 100% vegan,P0,review,,100% vegan verification requires manual menu check
44b8c698-14aa-4630-93fe-a908508536db,Vegan Telesup,Ibiza,Spain,100% vegan,100% vegan,Medium,Find website/source / Add hours / Add image / Verify 100% vegan,P0,review,,100% vegan verification requires manual menu check
71e6f7cc-c1b3-4a2d-8cbf-524b2cda5549,La Mujer de Verde,Palma de Mallorca,Spain,100% vegan,100% vegan,Medium,Verify 100% vegan,P0,review,,100% vegan verification requires manual menu check
1c1dc6bc-61a5-4879-937a-912465756e35,Sa Cova,Palma de Mallorca,Spain,Vegan friendly,Vegan options,Low,Change level / Find website/source / Fix address / Add hours / Add image,P0,review,,Downgrade vegan_friendly -> vegan_options but confidence=Low — surfacing for human review
c49965fc-8cbe-427f-96e9-00a4e6f14bf1,Vegan Bistró,Palma de Mallorca,Spain,100% vegan,100% vegan,Medium,Add image / Verify 100% vegan,P0,review,,100% vegan verification requires manual menu check
23c83d3f-3a8c-44da-adf2-cd3df3fe4dff,Burger Mel,Santa Cruz de Tenerife,Spain,Vegan friendly,Vegan options,Low,Change level / Find website/source / Add image,P0,review,,Downgrade vegan_friendly -> vegan_options but confidence=Low — surfacing for human review
d25b26a6-6e81-4b5a-b9d0-ee1d2c2e9581,La Pajarita,Santa Cruz de Tenerife,Spain,100% vegan,100% vegan,Medium,Find website/source / Add image / Verify 100% vegan,P0,review,,100% vegan verification requires manual menu check
638cbf2b-7e40-430a-a822-79b2f5918b6d,Sweet Paradise,Santa Cruz de Tenerife,Spain,100% vegan,100% vegan,Medium,Verify 100% vegan,P0,review,,100% vegan verification requires manual menu check
479406d5-9f70-4af3-bdbe-d53216ee075f,Umami Good Food,Santa Cruz de Tenerife,Spain,100% vegan,100% vegan,Medium,Verify 100% vegan,P0,review,,100% vegan verification requires manual menu check
63e18c92-3cbe-432b-be98-97d4006594a6,Athens Vegan Burgers,Athens,Greece,100% vegan,100% vegan,Medium,Find website/source / Add image / Verify 100% vegan,P0,review,,100% vegan verification requires manual menu check
ce0a9ef7-b9a6-412b-9010-676ecdb800a4,Bamboo Vegan,Athens,Greece,100% vegan,100% vegan,Medium,Add image / Verify 100% vegan,P0,review,,100% vegan verification requires manual menu check
9b21f2ff-c430-415b-8a47-90c72b67eb29,Cats & Monsters,Athens,Greece,100% vegan,100% vegan,Medium,Find website/source / Add image / Verify 100% vegan,P0,review,,100% vegan verification requires manual menu check
acc5aa82-7cf0-448f-973d-f79356a233b3,Early Bites,Athens,Greece,100% vegan,100% vegan,Medium,Find website/source / Add hours / Add image / Verify 100% vegan,P0,review,,100% vegan verification requires manual menu check
4662bfff-33f3-4243-9f69-8179c4ccb61c,Frankie,Athens,Greece,100% vegan,100% vegan,Medium,Add hours / Verify 100% vegan,P0,review,,100% vegan verification requires manual menu check
2b18d53a-54c6-4fa1-9cbb-4ef2e194a800,Groceristas,Athens,Greece,100% vegan,100% vegan,Medium,Add image / Verify 100% vegan,P0,review,,100% vegan verification requires manual menu check
d04e6de2-8bdc-4e96-b7c3-1dcfb47a1dcf,Handwich Athens,Athens,Greece,100% vegan,100% vegan,Medium,Find website/source / Add hours / Add image / Verify 100% vegan,P0,review,,100% vegan verification requires manual menu check
f71227b8-2910-4c0e-af84-2d856360f15c,Happy Blender,Athens,Greece,100% vegan,100% vegan,Medium,Verify 100% vegan,P0,review,,100% vegan verification requires manual menu check
0bc30e94-9319-40d3-8254-2e26de5cd7a6,Holy Llama,Athens,Greece,100% vegan,100% vegan,Medium,Verify 100% vegan,P0,review,,100% vegan verification requires manual menu check
9b59d54b-06d4-4b5b-b652-7c77a09b3d3c,Hubits,Athens,Greece,100% vegan,100% vegan,Medium,Fix address / Add hours / Add image / Verify 100% vegan,P0,review,,100% vegan verification requires manual menu check
bcdbf920-4405-4724-b671-3deb18ad4bcd,Kampos,Athens,Greece,100% vegan,100% vegan,Medium,Find website/source / Add hours / Add image / Verify 100% vegan,P0,review,,100% vegan verification requires manual menu check
6f7febc8-488f-4045-884b-2f93ae134073,Life Roots,Athens,Greece,100% vegan,100% vegan,Medium,Verify 100% vegan,P0,review,,100% vegan verification requires manual menu check
aa26b0f3-8b08-48d7-88d4-c6d282ff844d,Mama Tierra,Athens,Greece,100% vegan,100% vegan,Medium,Verify 100% vegan,P0,review,,100% vegan verification requires manual menu check
ed8393f7-6af5-40d5-8bb2-e928d3094ec5,Mama Tierra Acropolis,Athens,Greece,100% vegan,100% vegan,Medium,Verify 100% vegan,P0,review,,100% vegan verification requires manual menu check
51b120d9-5128-4132-bdc0-714e9c5f9f01,Mother,Athens,Greece,100% vegan,100% vegan,Medium,Find website/source / Add image / Verify 100% vegan,P0,review,,100% vegan verification requires manual menu check
6bbe1282-d299-4ada-8927-440df66a17c7,Peas vegan,Athens,Greece,100% vegan,100% vegan,Medium,Add hours / Add image / Verify 100% vegan,P0,review,,100% vegan verification requires manual menu check
674e4c36-aa39-4911-8cf3-6f2f0c228542,Plan(e)t Ice Cream,Athens,Greece,100% vegan,100% vegan,Medium,Verify 100% vegan,P0,review,,100% vegan verification requires manual menu check
06a4e56d-4caf-4c44-86b6-be8f85ad78b9,The Vegan Vandal,Athens,Greece,100% vegan,100% vegan,Medium,Fix address / Add image / Verify 100% vegan,P0,review,,100% vegan verification requires manual menu check
f85187ff-29eb-4384-9187-8071f951eec0,The Οthers,Athens,Greece,100% vegan,100% vegan,Medium,Find website/source / Add image / Verify 100% vegan,P0,review,,100% vegan verification requires manual menu check
4e161e2c-cf35-43bf-a639-8cba179702ad,Troo Food,Athens,Greece,100% vegan,100% vegan,Medium,Add image / Verify 100% vegan,P0,review,,100% vegan verification requires manual menu check
e90aacb2-b3da-4abe-846f-ad8c766be9b6,Vegan Beat Athens,Athens,Greece,100% vegan,100% vegan,Medium,Find website/source / Add image / Verify 100% vegan,P0,review,,100% vegan verification requires manual menu check
d49f04d3-6065-4212-82c7-f07e34e45cb7,Vegan carousel,Athens,Greece,100% vegan,100% vegan,Medium,Find website/source / Add image / Verify 100% vegan,P0,review,,100% vegan verification requires manual menu check
37465d0b-b558-415f-908e-c503dfd9b26e,Veganaki,Athens,Greece,100% vegan,100% vegan,Medium,Verify 100% vegan,P0,review,,100% vegan verification requires manual menu check
1d276b06-5610-41c5-91b2-a3c9187ba6db,Winners Vegan,Athens,Greece,100% vegan,100% vegan,Medium,Add hours / Verify 100% vegan,P0,review,,100% vegan verification requires manual menu check
b03132c5-8198-42f2-979f-3c2cf9e00f8f,Άννα,Athens,Greece,100% vegan,100% vegan,Low,Find website/source / Add hours / Add image / Verify 100% vegan,P0,review,,100% vegan verification requires manual menu check
4e4391d0-b756-4103-afd4-055a7fe5ee00,Ethos Vegan Suites,Santorini,Greece,100% vegan,100% vegan,Medium,Find website/source / Add hours / Add image / Add description / Verify 100% vegan,P0,review,,100% vegan verification requires manual menu check
357a3a2a-5e80-461f-b054-c33d2250c60f,Karma,Santorini,Greece,100% vegan,100% vegan,Medium,Verify 100% vegan,P0,review,,100% vegan verification requires manual menu check
211de95d-b2a9-486c-977d-93def861f32a,Mod,Santorini,Greece,100% vegan,100% vegan,Medium,Fix address / Add hours / Add image / Add description / Verify 100% vegan,P0,review,,100% vegan verification requires manual menu check
bbb5ccf6-e009-4bf2-a9a6-7d8e745acf6a,Oia Gefsis,Santorini,Greece,100% vegan,100% vegan,High,Add hours / Verify 100% vegan,P0,review,,100% vegan verification requires manual menu check
8f622b33-7e08-4ca9-876f-8fb98524bfe0,Veganissimo,Santorini,Greece,100% vegan,100% vegan,High,Add hours / Verify 100% vegan,P0,review,,100% vegan verification requires manual menu check
b4ff4aab-1e94-4ade-a823-09b88e87c0a7,Koukoumi,Mykonos,Greece,100% vegan,100% vegan,Medium,Fix address / Add hours / Add image / Add description / Verify 100% vegan,P0,review,,100% vegan verification requires manual menu check
ce803a6a-a87e-483f-ab09-64e18eba088c,Koukoumi Vegan Boutique Hotel,Mykonos,Greece,100% vegan,100% vegan,Medium,Add hours / Verify 100% vegan,P0,review,,100% vegan verification requires manual menu check
08b6d21c-77ca-4bd5-86ac-0cde48be3fb1,Rhino,Mykonos,Greece,100% vegan,100% vegan,Medium,Add hours / Verify 100% vegan,P0,review,,100% vegan verification requires manual menu check
973913bb-d0a8-4c2f-bb06-dcbf5ad0b646,Rhino,Mykonos,Greece,100% vegan,100% vegan,Medium,Add hours / Add image / Add description / Verify 100% vegan,P0,review,,100% vegan verification requires manual menu check
874eb2d0-4a19-4a80-953f-baf59a2bb07d,Veganato,Heraklion,Greece,100% vegan,100% vegan,Medium,Add hours / Verify 100% vegan,P0,review,,100% vegan verification requires manual menu check
67ecb957-bac6-48ec-9eb7-a4e9979c85d1,A Minha Avó,Lisbon,Portugal,100% vegan,100% vegan,Medium,Find website/source / Verify 100% vegan,P0,review,,100% vegan verification requires manual menu check
065c80c0-158e-4935-967a-75f35a9d3a49,Ao 26 Vegan Food Project,Lisbon,Portugal,100% vegan,100% vegan,Medium,Verify 100% vegan,P0,review,,100% vegan verification requires manual menu check
8fdca036-47db-49f8-be90-dfd94903b256,Couve - Shoes & Vegan Goods,Lisbon,Portugal,100% vegan,100% vegan,Medium,Verify 100% vegan,P0,review,,100% vegan verification requires manual menu check
b3a88475-086f-4e1a-9611-34fac4677242,Dallas Burger Club,Lisbon,Portugal,Vegan friendly,Vegan options,Low,Change level / Add hours,P0,review,,Downgrade vegan_friendly -> vegan_options but confidence=Low — surfacing for human review
f6c33e47-aed0-497b-9e27-6a5724fa0868,Escolha Natura,Lisbon,Portugal,100% vegan,100% vegan,Medium,Verify 100% vegan,P0,review,,100% vegan verification requires manual menu check
ba0b2472-4aa2-4043-b970-3ed248a85a3a,GAL Cafe,Lisbon,Portugal,100% vegan,100% vegan,Medium,Add image / Verify 100% vegan,P0,review,,100% vegan verification requires manual menu check
e3c84a1d-5800-46b1-a879-9b04c8135f16,Graça 77,Lisbon,Portugal,100% vegan,100% vegan,Medium,Verify 100% vegan,P0,review,,100% vegan verification requires manual menu check
e2a048a7-4861-4e11-96b8-f6547314c058,Green Beans,Lisbon,Portugal,100% vegan,100% vegan,Medium,Verify 100% vegan,P0,review,,100% vegan verification requires manual menu check
bbed1c6b-09f5-400d-aa66-8ca0a5696394,"Green Beans, Mercado Vegan",Lisbon,Portugal,100% vegan,100% vegan,Medium,Verify 100% vegan,P0,review,,100% vegan verification requires manual menu check
6166c060-5b43-4eda-9bcc-c2082b9b56c7,Jardim das Cerejas,Lisbon,Portugal,100% vegan,100% vegan,Medium,Verify 100% vegan,P0,review,,100% vegan verification requires manual menu check
2ec4f9a4-affe-4da9-a2af-efd4f2379253,Kong - Food Made With Compassion,Lisbon,Portugal,100% vegan,100% vegan,Medium,Verify 100% vegan,P0,review,,100% vegan verification requires manual menu check
9e57e5e6-f711-4b80-bc03-8c84338deb87,Legumi Sushi Vegan,Lisbon,Portugal,100% vegan,100% vegan,Medium,Verify 100% vegan,P0,review,,100% vegan verification requires manual menu check
309c9b59-c3d2-4967-a5cd-f4ecdb07984e,Lisbon Vegan,Lisbon,Portugal,100% vegan,100% vegan,Medium,Find website/source / Verify 100% vegan,P0,review,,100% vegan verification requires manual menu check
4342876c-37c1-4285-9862-7797328f6762,Motherburger,Lisbon,Portugal,100% vegan,100% vegan,Medium,Verify 100% vegan,P0,review,,100% vegan verification requires manual menu check
d1ba6844-84e7-48ef-93b0-b12a50545b0e,O Botanista,Lisbon,Portugal,100% vegan,100% vegan,Medium,Find website/source / Add image / Verify 100% vegan,P0,review,,100% vegan verification requires manual menu check
ae3af3c4-ba5e-4a3b-8f99-5f66c2f2dc4c,Organi Chiado,Lisbon,Portugal,100% vegan,100% vegan,Medium,Verify 100% vegan,P0,review,,100% vegan verification requires manual menu check
a94d0039-72a2-46af-9670-f044754d5d87,The Food Temple,Lisbon,Portugal,100% vegan,100% vegan,Medium,Add hours / Add image / Verify 100% vegan,P0,review,,100% vegan verification requires manual menu check
0f0c47c8-43bd-4a33-b27f-5b1a3b222ad6,The Green Affair,Lisbon,Portugal,100% vegan,100% vegan,Medium,Find website/source / Verify 100% vegan,P0,review,,100% vegan verification requires manual menu check
cddabc41-5fdf-43cd-8b7b-a28047bcf704,Vegan Junkies,Lisbon,Portugal,100% vegan,100% vegan,Medium,Verify 100% vegan,P0,review,,100% vegan verification requires manual menu check
e5cd8cff-70a5-4d17-8b20-f20b818a974b,Vegan Nata Chiado,Lisbon,Portugal,100% vegan,100% vegan,Medium,Verify 100% vegan,P0,review,,100% vegan verification requires manual menu check
3706cbc9-fc7b-4779-824b-d5c4207f31a6,Vegan Story,Lisbon,Portugal,100% vegan,100% vegan,Medium,Find website/source / Fix address / Add hours / Add image / Verify 100% vegan,P0,review,,100% vegan verification requires manual menu check
10a8e6c6-3bc8-49f7-9029-8f37c6458832,Vegana Burgers,Lisbon,Portugal,100% vegan,100% vegan,Medium,Find website/source / Add image / Verify 100% vegan,P0,review,,100% vegan verification requires manual menu check
16b7bffc-8390-4371-8e51-679eb729131e,Veganeats Caffe,Lisbon,Portugal,100% vegan,100% vegan,Medium,Find website/source / Add image / Verify 100% vegan,P0,review,,100% vegan verification requires manual menu check
1fdaebb1-8634-4a30-933a-307d5aa38f8e,Capuchinho Verde,Porto,Portugal,100% vegan,100% vegan,Medium,Add hours / Verify 100% vegan,P0,review,,100% vegan verification requires manual menu check
f058ab66-b7c4-411f-a6ee-20ddcdda5792,daTerra,Porto,Portugal,100% vegan,100% vegan,Medium,Verify 100% vegan,P0,review,,100% vegan verification requires manual menu check
85219302-d3f1-4333-904f-bb8ac7390b9b,daTerra - Campus São João,Porto,Portugal,100% vegan,100% vegan,Medium,Add hours / Verify 100% vegan,P0,review,,100% vegan verification requires manual menu check
99b79ddf-d399-4438-a564-80b704244215,daTerra - Foz do Douro,Porto,Portugal,100% vegan,100% vegan,Medium,Add hours / Verify 100% vegan,P0,review,,100% vegan verification requires manual menu check
2bc90d0f-30cc-4418-8817-afa8860ef0cd,EasyGreen Vegan Foodstore & Snack Bar,Porto,Portugal,100% vegan,100% vegan,Medium,Add hours / Verify 100% vegan,P0,review,,100% vegan verification requires manual menu check
61d45a23-f38a-4b07-be43-2abd26aebd8d,Happy Food,Porto,Portugal,100% vegan,100% vegan,Medium,Add hours / Verify 100% vegan,P0,review,,100% vegan verification requires manual menu check
f680e630-0507-4255-a91c-17fae74759ba,Jardineiro - Vegan Kitchen,Porto,Portugal,100% vegan,100% vegan,Medium,Add hours / Verify 100% vegan,P0,review,,100% vegan verification requires manual menu check
425c5189-7c89-42b9-8dd1-eacf463af399,Kind Kitchen,Porto,Portugal,100% vegan,100% vegan,Medium,Verify 100% vegan,P0,review,,100% vegan verification requires manual menu check
5826571f-8bf3-4ddf-9b0d-10627689b959,Lupin Snack Bar,Porto,Portugal,100% vegan,100% vegan,Medium,Verify 100% vegan,P0,review,,100% vegan verification requires manual menu check
b5ecb4ab-16c0-42f7-a921-adc252c42ee0,MNT Vegan Café,Porto,Portugal,100% vegan,100% vegan,Medium,Verify 100% vegan,P0,review,,100% vegan verification requires manual menu check
12676cbe-d83b-4c58-80bb-c0daa5926d5d,O Macrobiótico,Porto,Portugal,100% vegan,100% vegan,Medium,Verify 100% vegan,P0,review,,100% vegan verification requires manual menu check
ef2dc486-eb6b-4f7f-a308-7d5df5be41d0,Odete Bakery,Porto,Portugal,100% vegan,100% vegan,Medium,Find website/source / Verify 100% vegan,P0,review,,100% vegan verification requires manual menu check
caed560c-85c2-405f-b060-7d89b856cc2e,Ongo,Porto,Portugal,100% vegan,100% vegan,Medium,Verify 100% vegan,P0,review,,100% vegan verification requires manual menu check
14cee650-dd7a-4be3-a9ee-840142fee4b1,Porto Vegan,Porto,Portugal,100% vegan,100% vegan,Medium,Add hours / Add image / Verify 100% vegan,P0,review,,100% vegan verification requires manual menu check
b0a57677-ade3-4e1b-ac60-01eada2f2420,Porto Vegan Market,Porto,Portugal,100% vegan,100% vegan,Medium,Add hours / Verify 100% vegan,P0,review,,100% vegan verification requires manual menu check
767c15f9-19be-49fb-ab0f-15e338a9c0d0,Porto Vegans,Porto,Portugal,100% vegan,100% vegan,Medium,Add hours / Add image / Verify 100% vegan,P0,review,,100% vegan verification requires manual menu check
f619d346-7161-4bdf-a64b-0f8c0bc9a504,Vegana by Tentúgal,Porto,Portugal,100% vegan,100% vegan,Medium,Find website/source / Verify 100% vegan,P0,review,,100% vegan verification requires manual menu check
0220d32f-db2d-4c46-b05b-5759cbe25ed6,Venn Canteen,Porto,Portugal,100% vegan,100% vegan,Medium,Add hours / Verify 100% vegan,P0,review,,100% vegan verification requires manual menu check
b7b585a7-a68e-4c39-964b-a4a5a927df53,Verde Hut,Porto,Portugal,100% vegan,100% vegan,Medium,Fix address / Add hours / Add image / Verify 100% vegan,P0,review,,100% vegan verification requires manual menu check
5280ebaa-c674-41b3-94ca-c1ce9cdcb896,Vrasserie,Porto,Portugal,100% vegan,100% vegan,Medium,Verify 100% vegan,P0,review,,100% vegan verification requires manual menu check
d597587b-67ff-4f8b-aa41-778322187df0,Mel & Limão,Faro,Portugal,100% vegan,100% vegan,Medium,Find website/source / Add hours / Add image / Add description / Verify 100% vegan,P0,review,,100% vegan verification requires manual menu check
7b2d27fc-f02c-4516-9644-45f03f057895,Outro Lado,Faro,Portugal,100% vegan,100% vegan,Medium,Verify 100% vegan,P0,review,,100% vegan verification requires manual menu check
7aa15e99-7fc4-43f4-b7b4-a05d5d9062b1,Vegan Box,Faro,Portugal,100% vegan,100% vegan,Medium,Find website/source / Verify 100% vegan,P0,review,,100% vegan verification requires manual menu check
34955dc9-f089-42c8-8821-837bc28b0ead,Mundo Vegan,Funchal,Portugal,100% vegan,100% vegan,Medium,Find website/source / Add image / Verify 100% vegan,P0,review,,100% vegan verification requires manual menu check
43bc7fa7-e522-4f2b-986c-67a7aca8d471,Simple green,Zagreb,Croatia,100% vegan,100% vegan,Medium,Verify 100% vegan,P0,review,,100% vegan verification requires manual menu check
b121f2fa-fdb2-428f-a1d0-06079ba760ca,Vegehop,Zagreb,Croatia,100% vegan,100% vegan,Medium,Verify 100% vegan,P0,review,,100% vegan verification requires manual menu check
faeab079-8d8a-40f8-80ff-1f33fc4407a3,Zrno bio bistro,Zagreb,Croatia,100% vegan,100% vegan,Medium,Verify 100% vegan,P0,review,,100% vegan verification requires manual menu check
09ea2232-785a-457d-ad4d-dc2df72d1d79,Barakokula,Split,Croatia,100% vegan,100% vegan,Medium,Add hours / Verify 100% vegan,P0,review,,100% vegan verification requires manual menu check
e3ff6a08-a291-44dd-8644-b2db5c15b821,Marta's Veggie Fusion,Split,Croatia,Vegan friendly,Vegan options,Low,Change level / Find website/source / Add hours / Add image,P0,review,,Downgrade vegan_friendly -> vegan_options but confidence=Low — surfacing for human review
ad623329-485e-42e4-a01f-50acd2b3ea1e,Natural,Split,Croatia,100% vegan,100% vegan,Medium,Add hours / Add image / Verify 100% vegan,P0,review,,100% vegan verification requires manual menu check
76e9628a-c208-4825-abe7-ef399316c730,Nishta,Dubrovnik,Croatia,100% vegan,100% vegan,Medium,Verify 100% vegan,P0,review,,100% vegan verification requires manual menu check
19b7e5a0-3119-4da6-8c2b-c7bc95ea2d6e,Restoran Agora,Dubrovnik,Croatia,Vegan friendly,Vegan options,Low,Change level / Add hours,P0,review,,Downgrade vegan_friendly -> vegan_options but confidence=Low — surfacing for human review
e95fbf55-a1b2-46ce-886f-6a221eeaaab7,Zelena,Pula,Croatia,100% vegan,100% vegan,Medium,Add image / Verify 100% vegan,P0,review,,100% vegan verification requires manual menu check
b2ed9269-cb90-4297-8f2c-c04fb4eaa7af,240 Derece,Istanbul,Turkey,100% vegan,100% vegan,Medium,Find website/source / Add hours / Add image / Verify 100% vegan,P0,review,,100% vegan verification requires manual menu check
38832b7e-c37d-4aa8-9de3-3e6b8bf07646,240 Derece,Istanbul,Turkey,100% vegan,100% vegan,Medium,Find website/source / Add hours / Add image / Verify 100% vegan,P0,review,,100% vegan verification requires manual menu check
0369de9d-a619-4886-af93-d6ca57fa9d39,Falafel Veggie,Istanbul,Turkey,100% vegan,100% vegan,Medium,Find website/source / Fix address / Add hours / Add image / Verify 100% vegan,P0,review,,100% vegan verification requires manual menu check
1f21e321-6601-43fe-b567-446ba49337cc,Juicery,Istanbul,Turkey,100% vegan,100% vegan,Medium,Add image / Verify 100% vegan,P0,review,,100% vegan verification requires manual menu check
c4bd4163-4600-4ab4-ad65-894fd35cbc6a,pizza bulls,Istanbul,Turkey,Vegan friendly,Vegan options,Low,Change level / Find website/source / Add image,P0,review,,Downgrade vegan_friendly -> vegan_options but confidence=Low — surfacing for human review
3cb16ad2-a457-402a-8987-2c623c7fcbae,Semsür Çiğköfte,Istanbul,Turkey,100% vegan,100% vegan,Medium,Find website/source / Fix address / Add hours / Add image / Verify 100% vegan,P0,review,,100% vegan verification requires manual menu check
c7da0355-608b-45a1-94d4-007464b0ef7f,Sushi-G Asian Restaurant & Market Sancaktepe,Istanbul,Turkey,Vegan friendly,Vegan options,Low,Change level / Find website/source / Add hours / Add image,P0,review,,Downgrade vegan_friendly -> vegan_options but confidence=Low — surfacing for human review
7e700060-3081-4f2d-9dc7-92299279ddb5,Tahin,Istanbul,Turkey,Vegan friendly,Vegan options,Low,Change level / Add hours,P0,review,,Downgrade vegan_friendly -> vegan_options but confidence=Low — surfacing for human review
af050072-b704-4a69-8a2c-827cc33dab64,Vatka Coffe & Vegan,Istanbul,Turkey,100% vegan,100% vegan,Medium,Find website/source / Add hours / Add image / Verify 100% vegan,P0,review,,100% vegan verification requires manual menu check
52e202cd-a199-41c3-a846-4cc04280de18,Vegan BellaVista Hostel,Istanbul,Turkey,100% vegan,100% vegan,Medium,Add hours / Add image / Verify 100% vegan,P0,review,,100% vegan verification requires manual menu check
9976bbf9-93f6-4b28-b7af-185154e28ec3,Vegan Community Kitchen,Istanbul,Turkey,100% vegan,100% vegan,Medium,Find website/source / Add hours / Add image / Verify 100% vegan,P0,review,,100% vegan verification requires manual menu check
d64775c1-de12-4022-9074-a2a880dc8d57,Vegan Community Kitchen Express,Istanbul,Turkey,100% vegan,100% vegan,Medium,Find website/source / Add hours / Add image / Verify 100% vegan,P0,review,,100% vegan verification requires manual menu check
9e560b21-4f8e-4cfd-9ea1-79083a11aee1,Vegan Food Cartel,Istanbul,Turkey,100% vegan,100% vegan,Medium,Add hours / Verify 100% vegan,P0,review,,100% vegan verification requires manual menu check
504c9921-ef83-4de5-ad81-5af718a80015,Vegan Masa,Istanbul,Turkey,100% vegan,100% vegan,Medium,Verify 100% vegan,P0,review,,100% vegan verification requires manual menu check
cd8605f7-3f9e-44ca-b6d2-f7561ff5726f,All Vegan,Antalya,Turkey,100% vegan,100% vegan,Medium,Find website/source / Add hours / Add image / Verify 100% vegan,P0,review,,100% vegan verification requires manual menu check
74c59ce1-ed03-4940-b27e-4172607c3b68,Ch'i for Life,Antalya,Turkey,100% vegan,100% vegan,Medium,Find website/source / Add hours / Add image / Verify 100% vegan,P0,review,,100% vegan verification requires manual menu check
6a9c0882-58fa-401c-a80a-09db3a73f12c,Level,Antalya,Turkey,100% vegan,100% vegan,Medium,Verify 100% vegan,P0,review,,100% vegan verification requires manual menu check
e33cf363-0944-4b2d-a70b-afb6a10e439c,Marimor Kitchen,Antalya,Turkey,100% vegan,100% vegan,High,Add hours / Add image / Verify 100% vegan,P0,review,,100% vegan verification requires manual menu check