verdict,id,name,city,vegan_level,osm_id,osm_diet_vegan,website_status,strong_hits,counter_hits,hc_listed,chain_hit,reasoning,slug
SUSPECT,01c08fac-3243-4b87-b6d5-c6e992d83afc,"Stivi Vegan Ink",Liège,fully_vegan,10294762342,yes,200,"","",no,,"OSM diet:vegan="yes" | Not in HappyCow vegan list for this city",stivi-vegan-ink-liege
SUSPECT,51d9ab16-d3c7-4e84-824f-935dcb653aa8,"Simone's Kitchen",Antwerp,fully_vegan,13608000901,yes,200,"","",yes,,"OSM diet:vegan="yes" | HappyCow lists as Vegan for this city",simone-s-kitchen-antwerpen
SUSPECT,693d3fac-74e9-4f58-8b3e-15cf85a74fdb,"The Judgy Vegan",Brussels,fully_vegan,2659564164,only,200,"bacon, schnitzel","",yes,,"OSM diet:vegan="only" | Website mentions raw animal flesh: bacon, schnitzel | HappyCow lists as Vegan for this city",the-judgy-vegan-brussels
SUSPECT,387ecfe7-3dec-40ee-afda-448f8836a4b2,"Patatak",Brussels,fully_vegan,7932023506,yes,404,"","",no,,"OSM diet:vegan="yes" | Website unreachable: 404 | Not in HappyCow vegan list for this city",patatak-brussels
CONFIRMED,47c701b6-45bc-45e5-a587-2a12d01029f6,"Lekker GEC",Ghent,fully_vegan,2721915415,only,200,"","",yes,,"OSM diet:vegan="only" | HappyCow lists as Vegan for this city",lekker-gec-gent
CONFIRMED,a4df25d7-a9ab-492a-bbde-f635e7c2ca55,"Kitsune Burgers",Brussels,fully_vegan,4413284007,only,200,"","100% vegan",yes,,"OSM diet:vegan="only" | Website confirms vegan: 100% vegan | HappyCow lists as Vegan for this city",kitsune-burgers-brussels
CONFIRMED,6cee449e-045b-4032-aba2-b56dd474ee7b,"Plant Dragon",Leuven,fully_vegan,10006272717,only,200,"","",no,,"OSM diet:vegan="only" | Not in HappyCow vegan list for this city",plant-dragon-leuven
SUSPECT,6fc06078-1bb6-46ff-a988-c17f66fa7027,"European Vegetarian Union",Brussels,fully_vegan,,,200,"sausage","",no,,"Website mentions raw animal flesh: sausage | Not in HappyCow vegan list for this city",european-vegetarian-union
LIKELY,a241359a-3a31-41f7-9e96-787b8f9b6a54,"De Bonte Hoeve",Sint-Niklaas,fully_vegan,,,fetch failed,"","",no,,"Website unreachable: fetch failed",de-bonte-hoeve
SUSPECT,b45ca136-a6bb-45fb-9ac7-4ae3a4bb76e5,"Natural Corner",Brussels,fully_vegan,3887312688,yes,200,"","",no,,"OSM diet:vegan="yes" | Not in HappyCow vegan list for this city",natural-corner-brussels
SUSPECT,78324af6-9175-4d56-8465-0b71c9a0781f,"Studentenresto De Brug",Ghent,fully_vegan,3699071712,yes,200,"","",no,,"OSM diet:vegan="yes" | Not in HappyCow vegan list for this city",studentenresto-de-brug-ghent
SUSPECT,eaae534d-5b3f-4fc5-900d-e7798f2bd3ac,"Cantine sans patron",Liège,fully_vegan,13585197192,yes,200,"","",no,,"OSM diet:vegan="yes" | Not in HappyCow vegan list for this city",cantine-sans-patron-liege
SUSPECT,2d5ffd8e-635f-4977-8caa-aafa5e6d89e0,"Relax Food",Liège,fully_vegan,11113310150,yes,200,"","",no,,"OSM diet:vegan="yes" | Not in HappyCow vegan list for this city",relax-food-liege
LIKELY,4633866d-0bbf-47fc-a158-82e7efa87157,"Gare Maritime Food Market",Brussels,fully_vegan,,,200,"","",no,,"Not in HappyCow vegan list for this city",gare-maritime-food-market-brussels
SUSPECT,9722b96e-be73-4b26-bd9e-4cbe9bc08874,"Steamy Windows",Ghent,fully_vegan,10892813716,yes,200,"","",no,,"OSM diet:vegan="yes" | Not in HappyCow vegan list for this city",steamy-windows-ghent
SUSPECT,ebe88c6e-1da1-463e-aa40-4a5160e770ea,"Better than Hungry",Antwerp,fully_vegan,11200625846,yes,200,"","",no,,"OSM diet:vegan="yes" | Not in HappyCow vegan list for this city",better-than-hungry-antwerp
SUSPECT,2808eb6f-43d2-459f-9eb5-aa749147be81,"Spread the Moon",Brussels,fully_vegan,11016676249,yes,(no website),"","",no,,"OSM diet:vegan="yes" | No website to scan | Not in HappyCow vegan list for this city",spread-the-moon-brussels
SUSPECT,6238cda2-576c-41b3-bb72-10cc04e4e18e,"My Tannour",Etterbeek,fully_vegan,11035866115,yes,200,"","",no,,"OSM diet:vegan="yes"",my-tannour-etterbeek
SUSPECT,7a5515b2-fd07-4160-be8c-e7de594666a9,"Frituur Blijde Inkom",Hasselt,fully_vegan,5609486073,yes,(no website),"","",no,,"OSM diet:vegan="yes" | No website to scan | Not in HappyCow vegan list for this city",frituur-blijde-inkom-hasselt
SUSPECT,8436ec17-a697-46f0-818c-efb2e0be2792,"VUB-restaurant",Ixelles,fully_vegan,12168695097,yes,200,"","",no,,"OSM diet:vegan="yes"",vub-restaurant-ixelles
SUSPECT,1165c5f1-419e-490e-9560-18571a8efe5f,"De Plaats",Bruges,fully_vegan,5418821819,yes,200,"","",no,,"OSM diet:vegan="yes" | Not in HappyCow vegan list for this city",de-plaats-bruges
SUSPECT,1488a567-4020-41ea-8f8c-a73e5d0dd447,"VEST by Harry en Rika",Ghent,fully_vegan,12186840512,yes,200,"","",no,,"OSM diet:vegan="yes" | Not in HappyCow vegan list for this city",vest-by-harry-en-rika-ghent
SUSPECT,4b2cbc49-d1ac-4e05-b710-6b8bd3dd236f,"Bio Bowls",Saint-Gilles,fully_vegan,11964931043,yes,200,"","",no,,"OSM diet:vegan="yes"",bio-bowls-saint-gilles
SUSPECT,7170d4a2-ca97-4521-bcdc-d6b2de9414c7,"Trium Trattoria",Bruges,fully_vegan,2379296838,yes,The operation was aborted due to timeout,"","",no,,"OSM diet:vegan="yes" | Website unreachable: The operation was aborted due to timeout | Not in HappyCow vegan list for this city",trium-trattoria-bruges
SUSPECT,b4fa46a2-56c6-4a01-8748-67e257e448c0,"Passion for Food",Bruges,fully_vegan,11240859909,yes,(no website),"","",no,,"OSM diet:vegan="yes" | No website to scan | Not in HappyCow vegan list for this city",passion-for-food-bruges
SUSPECT,6427a424-de42-4bc6-b4a0-5a108c03ac6a,"Atelier TiPi",Ixelles,fully_vegan,10012293732,yes,(no website),"","",no,,"OSM diet:vegan="yes" | No website to scan",atelier-tipi-ixelles
SUSPECT,1cc1fd6c-7354-466d-8668-f953fe0f96ca,"Huimian",Ixelles,fully_vegan,6284575332,yes,(no website),"","",no,,"OSM diet:vegan="yes" | No website to scan",huimian-ixelles
SUSPECT,b1c5c7bd-7f88-4518-9b50-c6a18b14e4f1,"Ellis",Bruges,fully_vegan,1187790220,yes,(no website),"","",no,,"OSM diet:vegan="yes" | No website to scan | Not in HappyCow vegan list for this city",ellis-bruges
SUSPECT,86d70c1e-cb89-4af0-b593-087ef73207b2,"De Brugsche tafel",Bruges,fully_vegan,8960168517,yes,404,"","",no,,"OSM diet:vegan="yes" | Website unreachable: 404 | Not in HappyCow vegan list for this city",de-brugsche-tafel-bruges
SUSPECT,8813387a-2240-4dd4-8642-f61815ce149c,"Yin-Yuan",Evere,fully_vegan,13151987836,yes,(no website),"","",no,,"OSM diet:vegan="yes" | No website to scan",yin-yuan-evere
SUSPECT,ed0aebdc-d45d-420f-9975-ae25cd115c16,"Wok Up",Brussels,fully_vegan,4318137537,yes,(no website),"","",no,,"OSM diet:vegan="yes" | No website to scan | Not in HappyCow vegan list for this city",wok-up-brussels
SUSPECT,623cbcc5-ad5f-4f75-b961-39a2a123fe35,"Pure Veg India",Brussels,fully_vegan,4564340242,yes,(no website),"","",no,,"OSM diet:vegan="yes" | No website to scan | Not in HappyCow vegan list for this city",pure-veg-india-brussels
SUSPECT,67c13563-17c2-476f-9402-65fc96eb9a34,"Les 4 Jeudis",Saint-Josse-ten-Noode,fully_vegan,4895392733,only,200,"turkey","",no,,"OSM diet:vegan="only" | Website mentions raw animal flesh: turkey",les-4-jeudis-saint-josse-ten-noode-sint-joost-ten-node
SUSPECT,31fa22fb-d9fe-46c4-adf4-76613125aa9f,"Kyoto food",Etterbeek,fully_vegan,724221378,yes,fetch failed,"","",no,,"OSM diet:vegan="yes" | Website unreachable: fetch failed",kyoto-food-etterbeek
SUSPECT,2b010fa5-89bb-4b5a-93e5-7801263c2973,"Bassin",Ghent,fully_vegan,7783901382,yes,200,"prosciutto","",no,,"OSM diet:vegan="yes" | Website mentions raw animal flesh: prosciutto | Not in HappyCow vegan list for this city",bassin-ghent
SUSPECT,39b37932-47c8-48c3-907f-a95cccc730b4,"Fasika",Etterbeek,fully_vegan,11219571732,yes,(no website),"","",no,,"OSM diet:vegan="yes" | No website to scan",fasika-etterbeek
SUSPECT,8bd95b91-b008-4121-a89b-79d277c50d48,"Pizzeria La Regina",Ixelles,fully_vegan,7185348285,yes,200,"","",no,,"OSM diet:vegan="yes"",pizzeria-la-regina-ixelles
SUSPECT,3ecfbf37-3d45-4c5c-a8f4-e183200feaf7,"Také",Mechelen,fully_vegan,6841975288,yes,200,"chicken","",yes,,"OSM diet:vegan="yes" | Website mentions raw animal flesh: chicken | HappyCow lists as Vegan for this city",take-mechelen
SUSPECT,9f91ce66-9738-49b4-8595-eb427e2934b1,"The Wild Lab",Saint-Gilles,fully_vegan,7195165369,yes,404,"","",no,,"OSM diet:vegan="yes" | Website unreachable: 404",the-wild-lab-saint-gilles
SUSPECT,249b8b94-ed48-42cf-b4fd-1e54e84843af,"Cigköfteci Ömer",Schaerbeek,fully_vegan,9651817184,yes,(no website),"","",no,,"OSM diet:vegan="yes" | No website to scan",cigkofteci-omer-schaerbeek
SUSPECT,157d8332-e629-4b6e-b1f3-0921b281e019,"De Papegaai",Ghent,fully_vegan,3266033261,yes,(no website),"","",no,,"OSM diet:vegan="yes" | No website to scan | Not in HappyCow vegan list for this city",de-papegaai-ghent
SUSPECT,f11919a9-f30d-4639-99be-c7da16b5c1c7,"Alma",Kortrijk,fully_vegan,8866324805,yes,(no website),"","",no,,"OSM diet:vegan="yes" | No website to scan | Not in HappyCow vegan list for this city",alma-kortrijk
SUSPECT,7c9a64f4-dd7c-47bd-9318-de9646a7abe4,"Na'Fura",Tervuren,fully_vegan,12309200601,yes,200,"","",no,,"OSM diet:vegan="yes"",na-fura-tervuren
SUSPECT,ff41663b-0dc0-4f85-b94f-40166ae4058f,"de lekkerbek",Zelzate,fully_vegan,12463183968,yes,(no website),"","",no,,"OSM diet:vegan="yes" | No website to scan",de-lekkerbek-zelzate
LIKELY,b93a910f-53d6-43e4-a459-13bd83a7a40c,"Liu Lin",Brussels,fully_vegan,,,503,"","",no,,"Website unreachable: 503 | Not in HappyCow vegan list for this city",liu-lin-brussels
CONFIRMED,3d74ecb1-ba25-4442-b354-1e460bfd6ed0,"OhMA",Ghent,fully_vegan,,,200,"","100% plant-based",yes,,"Website confirms vegan: 100% plant-based | HappyCow lists as Vegan for this city",ohma-ghent
WRONG,1fa9cf50-ac5c-4023-b071-bbdebbe67c2b,"Pura Vida Vegan Tacos",Antwerp,fully_vegan,,,200,"beef, chicken, chorizo","",yes,,"Website mentions raw animal flesh: beef, chicken, chorizo | HappyCow lists as Vegan for this city",pura-vida-vegan-tacos-antwerp
SUSPECT,b1613a57-38f3-451e-acca-2340ea073375,"HUMM Restaurant",Antwerp,fully_vegan,,,200,"oyster","",yes,,"Website mentions raw animal flesh: oyster | HappyCow lists as Vegan for this city",humm-restaurant-antwerp
LIKELY,35045671-12c3-4b83-a74d-e021ab025946,"Klimzaal Blok",Antwerp,fully_vegan,,,200,"","",yes,,"HappyCow lists as Vegan for this city",klimzaal-blok-antwerp
LIKELY,2aebbc69-67af-496f-9ec0-d1f732d5abcc,"Kosmopoliet",Bruges,fully_vegan,,,200,"","",yes,,"HappyCow lists as Vegan for this city",kosmopoliet-bruges
LIKELY,97dc135d-42f4-4f32-bd28-70e5c6489b1f,"Blackbird",Bruges,fully_vegan,,,200,"","",yes,,"HappyCow lists as Vegan for this city",blackbird-bruges
SUSPECT,48f839f2-ad36-4f87-8770-ed30b11c3204,"Wild Foodz",Bruges,fully_vegan,9391850373,yes,200,"","",no,,"OSM diet:vegan="yes" | Not in HappyCow vegan list for this city",wild-foodz-bruges
SUSPECT,0ded629e-f50a-484d-a150-a93510dd8a3c,"L'arbre à pain",Auderghem,fully_vegan,11199649780,yes,(no website),"","",no,,"OSM diet:vegan="yes" | No website to scan",l-arbre-a-pain-auderghem
SUSPECT,3970add2-4f91-4dca-817d-a0e786442da9,"Lighthouse Cafe",Antwerp,fully_vegan,5419041511,yes,404,"","",no,,"OSM diet:vegan="yes" | Website unreachable: 404 | Not in HappyCow vegan list for this city",lighthouse-cafe-antwerp
SUSPECT,16ebcdd9-63ce-47d5-96f6-9ed01d7e98a0,"Yummy bowl",Brussels,fully_vegan,4413967687,yes,(no website),"","",no,,"OSM diet:vegan="yes" | No website to scan | Not in HappyCow vegan list for this city",yummy-bowl-brussels
SUSPECT,73dd0d30-6244-4af3-bc44-dc197fcdd8ac,"Pizzeria Biga",Schaerbeek,fully_vegan,7190592640,yes,(no website),"","",no,,"OSM diet:vegan="yes" | No website to scan",pizzeria-biga-schaerbeek
SUSPECT,224fdae8-bf6c-499a-a171-6136f4e2afc3,"FlavouRRs",Bruges,fully_vegan,9873268890,yes,fetch failed,"","",no,,"OSM diet:vegan="yes" | Website unreachable: fetch failed | Not in HappyCow vegan list for this city",flavourrs-bruges
SUSPECT,ba283bbd-75a3-4034-a4d5-81c57e2b4bb6,"Apocalypse",Ixelles,fully_vegan,7254813151,yes,(no website),"","",no,,"OSM diet:vegan="yes" | No website to scan",apocalypse-ixelles
SUSPECT,b7278723-fba9-4dba-8e30-3ec292a5a5b5,"Amuz&Vous",Wetteren,fully_vegan,6285445910,yes,200,"","",no,,"OSM diet:vegan="yes"",amuzandvous-wetteren
SUSPECT,f3b70763-da2e-4145-a9ee-d4761ceeeb52,"L'Atlantide",Etterbeek,fully_vegan,8888793617,yes,(no website),"","",no,,"OSM diet:vegan="yes" | No website to scan",l-atlantide-etterbeek
CONFIRMED,234536cb-3c10-4ceb-94db-73243af591f2,"Oh!Ma",Ghent,fully_vegan,12367017828,only,200,"","100% plant-based",no,,"OSM diet:vegan="only" | Website confirms vegan: 100% plant-based | Not in HappyCow vegan list for this city",oh-ma-gent
CONFIRMED,5eb2fdd5-24ee-4b9f-911f-801ab1e040df,"Funky Jungle",Mechelen,fully_vegan,4329815823,only,200,"","100% vegan",yes,,"OSM diet:vegan="only" | Website confirms vegan: 100% vegan | HappyCow lists as Vegan for this city",funky-jungle-mechelen
SUSPECT,00f2a4e6-5dac-44af-b71c-f01b7e51ad15,"Nana",Ghent,fully_vegan,,,(no website),"","",no,,"No website to scan | Not in HappyCow vegan list for this city",nana-ghent
LIKELY,d690be35-6d76-4f15-8dfe-351d61db691e,"Amaranth",Merelbeke,fully_vegan,,,200,"","",no,,"",amaranth-merelbeke
CONFIRMED,668101db-eca8-4aa2-b551-70ad7b8e5625,"Spritz",Antwerp,fully_vegan,4266000491,only,(no website),"","",yes,,"OSM diet:vegan="only" | No website to scan | HappyCow lists as Vegan for this city",spritz-antwerpen
SUSPECT,0737c87e-e1b6-41ae-9987-0c6066719952,"Studentenresto Ardoyen",Ghent,fully_vegan,4130825680,yes,200,"","",no,,"OSM diet:vegan="yes" | Not in HappyCow vegan list for this city",studentenresto-ardoyen-ghent
CONFIRMED,62a3c810-30b0-4caa-9999-29e36bb54058,"B&B AM/PM",Sint-Andries,fully_vegan,4332247714,only,200,"","100% vegan",no,,"OSM diet:vegan="only" | Website confirms vegan: 100% vegan",b-b-am-pm-sint-andries
SUSPECT,0be33591-7f7a-4405-9f5d-e94d31d41525,"Bouboule",Etterbeek,fully_vegan,8929353617,yes,(no website),"","",no,,"OSM diet:vegan="yes" | No website to scan",bouboule-etterbeek
SUSPECT,62c37584-33c4-4e36-bffb-ecbf40ded3d2,"Australian",Liège,fully_vegan,4410696095,yes,fetch failed,"","",no,,"OSM diet:vegan="yes" | Website unreachable: fetch failed | Not in HappyCow vegan list for this city",australian-liege
SUSPECT,b1f6619b-0c3c-4449-8a23-2d1da898fe65,"TICH",Brussels,fully_vegan,5389787926,yes,(no website),"","",no,,"OSM diet:vegan="yes" | No website to scan | Not in HappyCow vegan list for this city",tich-brussels
SUSPECT,c49ecd46-c710-4efc-ad3e-f3df30a7c90a,"Le Mucha",Woluwe-Saint-Pierre,fully_vegan,10008767408,yes,200,"","",no,,"OSM diet:vegan="yes"",le-mucha-woluwe-saint-pierre-sint-pieters-woluwe
CONFIRMED,a593261e-8952-48ee-861f-bfd18b09be68,"Lento",Hasselt,fully_vegan,9965289393,yes,200,"","100% vegan",yes,,"OSM diet:vegan="yes" | Website confirms vegan: 100% vegan | HappyCow lists as Vegan for this city",lento-hasselt
WRONG,7e8180f1-2987-46bf-a4bb-f36b5825c09b,"Pura Vida Tacos",Antwerp,fully_vegan,11738859869,only,200,"beef, chicken, chorizo","",no,,"OSM diet:vegan="only" | Website mentions raw animal flesh: beef, chicken, chorizo | Not in HappyCow vegan list for this city",pura-vida-tacos-antwerpen
SUSPECT,8226884a-a73b-4a16-9ee0-571373d429f7,"Leopold",Brussels,fully_vegan,4413615489,yes,200,"","",no,,"OSM diet:vegan="yes" | Not in HappyCow vegan list for this city",leopold-brussels
WRONG,42fc3977-1e5c-4eb5-817a-4b1b8492e7e3,"Bodhi",Leuven,fully_vegan,9966842857,only,200,"chicken, duck, calamari","100% vegan",yes,,"OSM diet:vegan="only" | Website mentions raw animal flesh: chicken, duck, calamari | Website confirms vegan: 100% vegan | HappyCow lists as Vegan for this city",bodhi-leuven
CONFIRMED,5057f1ce-f77d-4148-b994-49f8e0238da3,"KAROOT",Ghent,fully_vegan,9665581800,only,200,"","",yes,,"OSM diet:vegan="only" | HappyCow lists as Vegan for this city",karoot-gent
SUSPECT,a94c94e0-89da-467e-8b48-05f00914f6af,"Manneken Frites",Brussels,fully_vegan,4413881585,yes,(no website),"","",no,,"OSM diet:vegan="yes" | No website to scan | Not in HappyCow vegan list for this city",manneken-frites-brussels
WRONG,461e2a31-3f22-4342-984c-04d7b8fbcf91,"Le Pain Quotidien",Ixelles,fully_vegan,2463358720,yes,200,"beef, chicken, salmon, tuna, ham, bacon, turkey, prosciutto","",no,\ble pain quotidien\b,"OSM diet:vegan="yes" | Website mentions raw animal flesh: beef, chicken, salmon, tuna, ham | Name matches chain pattern: \ble pain quotidien\b",le-pain-quotidien-ixelles
CONFIRMED,0994b7d1-734c-4d4d-b57b-acff79f5c77f,"Kreatief Hair & Beauty",Sint-Niklaas,fully_vegan,11622129211,only,200,"","100% vegan",no,,"OSM diet:vegan="only" | Website confirms vegan: 100% vegan",kreatief-hair-beauty-sint-niklaas
CONFIRMED,889a1fcb-fef3-4326-9ba1-8a97c37dd631,"Rokko",Ghent,fully_vegan,12659929329,only,200,"","",no,,"OSM diet:vegan="only" | Not in HappyCow vegan list for this city",rokko-gent
SUSPECT,9f5f3e77-78e1-47d0-8261-d97174cb7a40,"El Verde",Genk,fully_vegan,,,200,"turkey","",no,,"Website mentions raw animal flesh: turkey",el-verde-genk
SUSPECT,4dca9045-c9f5-4f70-8a02-a4e9731d60bd,"Den Johnny",Ghent,fully_vegan,13608226201,yes,200,"","",no,,"OSM diet:vegan="yes" | Not in HappyCow vegan list for this city",den-johnny-ghent
SUSPECT,533d6bd5-4575-488a-878b-9c258533efe8,"Coupe Matadi",Wilsele,fully_vegan,8990475606,yes,200,"","",no,,"OSM diet:vegan="yes"",coupe-matadi-wilsele
SUSPECT,c0ced67a-ba7a-41ec-9755-1b7f65efe2b2,"Frimout",Ghent,fully_vegan,2275104999,yes,(no website),"","",no,,"OSM diet:vegan="yes" | No website to scan | Not in HappyCow vegan list for this city",frimout-ghent
SUSPECT,b64747d2-edd7-4591-9c94-267697c99bc2,"Nonno",Saint-Gilles,fully_vegan,7581502876,yes,(no website),"","",no,,"OSM diet:vegan="yes" | No website to scan",nonno-saint-gilles
SUSPECT,b37e076e-1e06-4375-a88d-5de36a0dab4e,"La Boucherie",Saint-Gilles,fully_vegan,9809964784,yes,(no website),"","",no,,"OSM diet:vegan="yes" | No website to scan",la-boucherie-saint-gilles
SUSPECT,a2226d85-23fb-4bc9-af3e-26d4a1f17df2,"Raisu",Liège,fully_vegan,9105114617,yes,(no website),"","",no,,"OSM diet:vegan="yes" | No website to scan | Not in HappyCow vegan list for this city",raisu-liege
CONFIRMED,1cd89d25-9e67-4ea6-b591-ea149f42306c,"Have A Roll Brussels",Ixelles,fully_vegan,10567916337,only,200,"","100% vegan",no,,"OSM diet:vegan="only" | Website confirms vegan: 100% vegan",have-a-roll-brussels-ixelles
SUSPECT,aa608697-6660-4fd3-85ad-7bfbd7f4c45d,"Il Valori",Etterbeek,fully_vegan,11190607778,yes,(no website),"","",no,,"OSM diet:vegan="yes" | No website to scan",il-valori-etterbeek
SUSPECT,74338c76-ea54-4083-9234-4cab515e4745,"Les délices du Cèdre",Florenne,fully_vegan,13045358562,yes,(no website),"","",no,,"OSM diet:vegan="yes" | No website to scan",les-delices-du-cedre-florenne
CONFIRMED,df4e8c95-4495-446e-8b86-3ff29857c89d,"Verdō",Ixelles,fully_vegan,10182206965,only,200,"","",no,,"OSM diet:vegan="only"",verdo-ixelles
CONFIRMED,cfc28c2f-040e-4d07-897f-c01fbd81dae8,"Pita Cleopatra",Mortsel,fully_vegan,11110239411,only,(no website),"","",no,,"OSM diet:vegan="only" | No website to scan",pita-cleopatra-mortsel
SUSPECT,5a425c7d-b1dc-4ba7-ab66-f76063b92afa,"Salons Caipirinha",Lemberge,fully_vegan,3309267924,yes,(no website),"","",no,,"OSM diet:vegan="yes" | No website to scan",salons-caipirinha-lemberge
SUSPECT,a11bf69e-1f5a-4ca8-81fe-461352cbdf91,"La glacerie Chênée",Chenee,fully_vegan,8706534606,yes,(no website),"","",no,,"OSM diet:vegan="yes" | No website to scan",la-glacerie-chenee-chenee
SUSPECT,ca1e95cf-e578-436e-88c3-2e19dd8c1325,"Pizzeria Tutti",Etterbeek,fully_vegan,745608748,yes,fetch failed,"","",no,,"OSM diet:vegan="yes" | Website unreachable: fetch failed",pizzeria-tutti-etterbeek
CONFIRMED,bf05810f-8f1a-43f0-b765-b5128eeb79a2,"Taylor's",Saint-Gilles,fully_vegan,10079840715,only,200,"","",no,,"OSM diet:vegan="only"",taylor-s-saint-gilles
SUSPECT,a74818fe-052c-4f26-82a5-74f1e0ad98d7,"Bel'O",Molenbeek,fully_vegan,5033902222,yes,(no website),"","",no,,"OSM diet:vegan="yes" | No website to scan",bel-o-molenbeek
SUSPECT,95a243e9-245f-40c9-bb38-7b4978b2306f,"Pizza Mongers",Brussels,fully_vegan,10161609557,yes,(no website),"","",no,,"OSM diet:vegan="yes" | No website to scan | Not in HappyCow vegan list for this city",pizza-mongers-brussels
SUSPECT,cdeec926-014d-489b-9757-02eadc906e3b,"Kapa Specialty Coffee & Bakery",Schaerbeek,fully_vegan,10875386837,yes,(no website),"","",no,,"OSM diet:vegan="yes" | No website to scan",kapa-specialty-coffee-and-bakery-schaerbeek
SUSPECT,b236fe5d-25d8-4d4c-868b-7a091b39b61f,"Pure Veg India",Brussels,fully_vegan,11384812269,yes,(no website),"","",no,,"OSM diet:vegan="yes" | No website to scan | Not in HappyCow vegan list for this city",pure-veg-india-brussels-nx2o
CONFIRMED,1074e3b3-f72b-447a-8696-c6587377bc9b,"Meşhur Adıyaman Çiğ Köftecisi",Ghent,fully_vegan,11426088978,only,(no website),"","",no,,"OSM diet:vegan="only" | No website to scan | Not in HappyCow vegan list for this city",meshur-ad-yaman-cig-koftecisi-gent
SUSPECT,748bcbfb-c391-4803-96c8-005d3e4658f9,"June",Brussels,fully_vegan,12762961501,yes,(no website),"","",no,,"OSM diet:vegan="yes" | No website to scan | Not in HappyCow vegan list for this city",june-brussels
CONFIRMED,12ca9ced-b206-4d7d-a4bc-2e3d9a8af5a6,"MoMu Café",Antwerp,fully_vegan,11677063112,only,200,"","",yes,,"OSM diet:vegan="only" | HappyCow lists as Vegan for this city",momu-cafe-antwerpen
SUSPECT,610d5b67-96cc-4939-8f52-02de4ae98306,"Silex",Watermael-Boitsfort,fully_vegan,12194295833,yes,(no website),"","",no,,"OSM diet:vegan="yes" | No website to scan",silex-watermael-boitsfort-watermaal-bosvoorde
SUSPECT,88a0a27a-bbb2-4f17-bcda-44b1f3ec8ff2,"L'épicerie de Lustin",Profondeville,fully_vegan,1309181437,yes,(no website),"","",no,,"OSM diet:vegan="yes" | No website to scan",l-epicerie-de-lustin-profondeville
SUSPECT,36a47ad7-5ae1-45ce-a2f4-14f5dd93df71,"Zatar",Saint-Gilles,fully_vegan,993032378,yes,(no website),"","",no,,"OSM diet:vegan="yes" | No website to scan",zatar-saint-gilles
SUSPECT,f9cb911b-580c-42dc-b90c-28d4cacba330,"Hot Falafel",Ghent,fully_vegan,4694014271,yes,(no website),"","",no,,"OSM diet:vegan="yes" | No website to scan | Not in HappyCow vegan list for this city",hot-falafel-ghent
SUSPECT,73e377e6-11cf-4e99-b50b-0e1e954efdd6,"Cabinet d'ostéopathie vétérinaire",Tournai,fully_vegan,5154841004,yes,fetch failed,"","",no,,"OSM diet:vegan="yes" | Website unreachable: fetch failed",cabinet-d-osteopathie-veterinaire-tournai
CONFIRMED,adb2ab3f-88b8-456c-baf0-61fd73286559,"Oui Oui",Saint-Gilles,fully_vegan,11375339931,only,(no website),"","",no,,"OSM diet:vegan="only" | No website to scan",oui-oui-saint-gilles
SUSPECT,74255e39-fb4f-4727-9014-0ca6d59084c0,"Mémé Tartine",Mons,fully_vegan,3069275770,yes,(no website),"","",no,,"OSM diet:vegan="yes" | No website to scan",meme-tartine-mons
CONFIRMED,af7be4bf-8111-43d2-b5da-aa3899528994,"Humus x Hortense",Ixelles,fully_vegan,2459867484,only,200,"","",no,,"OSM diet:vegan="only"",humus-x-hortense-ixelles
SUSPECT,769693f6-dd4f-4604-bfbf-6b293491dc87,"La petite baguette",Ixelles,fully_vegan,12558790231,yes,(no website),"","",no,,"OSM diet:vegan="yes" | No website to scan",la-petite-baguette-ixelles
SUSPECT,933c9f0c-f480-4c34-8e92-47a868fdc3db,"Snack Merode",Etterbeek,fully_vegan,746463042,yes,(no website),"","",no,,"OSM diet:vegan="yes" | No website to scan",snack-merode-etterbeek
SUSPECT,a107b81d-f130-4657-b6bc-51fd43b93b67,"Little Happiness",Ghent,fully_vegan,12823556595,yes,(no website),"","",no,,"OSM diet:vegan="yes" | No website to scan | Not in HappyCow vegan list for this city",little-happiness-ghent
SUSPECT,4b180bb3-f12a-4d34-a250-ab34d22c494f,"Les 4 Jeudis",Saint-Josse,fully_vegan,4895392733,only,200,"turkey","",no,,"OSM diet:vegan="only" | Website mentions raw animal flesh: turkey",les-4-jeudis-saint-josse
SUSPECT,b2bdd67c-f4e2-4e6c-9c33-ebb7dd5f55a2,"Café Persona",Liège,fully_vegan,11708581555,yes,(no website),"","",no,,"OSM diet:vegan="yes" | No website to scan | Not in HappyCow vegan list for this city",cafe-persona-liege
SUSPECT,bb48b501-6f3d-4556-8755-64af68f5ec65,"Tapatat",Saint-Gilles,fully_vegan,7104254085,yes,(no website),"","",no,,"OSM diet:vegan="yes" | No website to scan",tapatat-saint-gilles
CONFIRMED,4fbde071-a69b-4590-93e1-400e93762adb,"WAY Plantbased Bakehouse",Ghent,fully_vegan,4256139406,only,200,"","",no,,"OSM diet:vegan="only" | Not in HappyCow vegan list for this city",way-plantbased-bakehouse-gent
CONFIRMED,67f15b0a-33d3-4433-b592-df2ac3ce5ae4,"Pépite",Saint-Gilles,fully_vegan,9654641548,only,(no website),"","",no,,"OSM diet:vegan="only" | No website to scan",pepite-saint-gilles
SUSPECT,c0770ea2-9d1b-400a-b104-215f7ab1acc1,"Empanadas",Etterbeek,fully_vegan,8888794517,yes,(no website),"","",no,,"OSM diet:vegan="yes" | No website to scan",empanadas-etterbeek
SUSPECT,cea204a9-992f-4f36-8625-e3f8586d3835,"Les Rives du Gange",Watermael-Boitsfort,fully_vegan,2279446187,yes,200,"","",no,,"OSM diet:vegan="yes"",les-rives-du-gange-watermael-boitsfort-watermaal-bosvoorde
SUSPECT,d7fbd0c7-80f4-4bcb-85f0-d1c511a799e4,"La fenêtre",Ixelles,fully_vegan,7705278674,yes,200,"","",no,,"OSM diet:vegan="yes"",la-fenetre-ixelles
SUSPECT,ae7d7a48-bf05-4df7-ad46-0b2aa5345448,"Le Botaniste",Brussels,fully_vegan,4564340236,only,200,"beef, chicken","",yes,,"OSM diet:vegan="only" | Website mentions raw animal flesh: beef, chicken | HappyCow lists as Vegan for this city",le-botaniste-brussels
SUSPECT,e2ce7526-cb12-4353-b734-d03f450a3f73,"Chandigarh",Brussels,fully_vegan,3873671159,yes,200,"","",no,,"OSM diet:vegan="yes" | Not in HappyCow vegan list for this city",chandigarh-brussels
CONFIRMED,d254f8b1-714f-4c86-9b53-754e106b0340,"Falafel TOP",Leuven,fully_vegan,3238529719,only,200,"","",yes,,"OSM diet:vegan="only" | HappyCow lists as Vegan for this city",falafel-top-leuven
CONFIRMED,067112f7-20ab-4fd0-9a49-be20b56c7b98,"Lucifer Lives",Ixelles,fully_vegan,7984205984,only,(no website),"","",no,,"OSM diet:vegan="only" | No website to scan",lucifer-lives-ixelles
LIKELY,d4cdfc03-9e37-460f-86b4-cd1140e5353d,"La Saga",Brussels,fully_vegan,,,200,"","",no,,"Not in HappyCow vegan list for this city",la-saga-brussels
CONFIRMED,e6bb9fc0-832d-4675-8c49-1f28838c24cc,"Verdō",Brussels,fully_vegan,10182206965,only,200,"","",yes,,"OSM diet:vegan="only" | HappyCow lists as Vegan for this city",verdo-brussels
SUSPECT,d8b79677-0fa6-4912-86f3-aa3ac4103773,"Resto Bar Recyclart",Molenbeek,fully_vegan,9883890893,yes,200,"turkey","",no,,"OSM diet:vegan="yes" | Website mentions raw animal flesh: turkey",resto-bar-recyclart-molenbeek
SUSPECT,db40b563-300a-49bf-89fb-5fe202b366c6,"Le Botaniste",Ghent,fully_vegan,4052744492,only,200,"beef, chicken","",yes,,"OSM diet:vegan="only" | Website mentions raw animal flesh: beef, chicken | HappyCow lists as Vegan for this city",le-botaniste-gent
CONFIRMED,e9dc5c58-3c85-4591-9d1a-4f289859e46e,"Lucifer Lives",Brussels,fully_vegan,7984205984,only,(no website),"","",yes,,"OSM diet:vegan="only" | No website to scan | HappyCow lists as Vegan for this city",lucifer-lives-brussels
CONFIRMED,986f53af-fd2e-43e2-b598-d5d7e9c5f56c,"Bastille - Pâtisserie vegan",Liège,fully_vegan,10294762329,only,(no website),"","",no,,"OSM diet:vegan="only" | No website to scan | Not in HappyCow vegan list for this city",bastille-patisserie-vegan-liege
CONFIRMED,df1a4aae-4782-4d99-a45f-153cfb1adc47,"Mr. Falafel",Brussels,fully_vegan,4418285581,only,(no website),"","",yes,,"OSM diet:vegan="only" | No website to scan | HappyCow lists as Vegan for this city",mr-falafel-brussels
CONFIRMED,207d9eb3-2c19-4b2d-976c-029511a3e190,"TerTer",Saint-Gilles,fully_vegan,12751773646,only,200,"oyster, turkey","fully plant-based",no,,"OSM diet:vegan="only" | Website mentions raw animal flesh: oyster, turkey | Website confirms vegan: fully plant-based",terter-saint-gilles
CONFIRMED,32674f17-dc11-4ce2-9889-713e89c53004,"Have A Roll Brussels",Brussels,fully_vegan,10567916337,only,200,"","100% vegan",no,,"OSM diet:vegan="only" | Website confirms vegan: 100% vegan | Not in HappyCow vegan list for this city",have-a-roll-brussels-brussels
SUSPECT,ff245c09-bf10-4860-bdb9-e5a28622172b,"Pardon",Saint-Gilles,fully_vegan,7174918160,yes,200,"","",no,,"OSM diet:vegan="yes"",pardon-saint-gilles
CONFIRMED,ff45dbec-ae4b-4aff-b440-6042b6aa2b69,"Full Circle Coffee",Ghent,fully_vegan,4916749806,only,200,"","100% vegan, 100% plant-based",no,,"OSM diet:vegan="only" | Website confirms vegan: 100% vegan, 100% plant-based | Not in HappyCow vegan list for this city",full-circle-coffee-gent
SUSPECT,b667884c-a467-43f0-b74a-7a17d6c4921f,"Indian Royal Spicy",Etterbeek,fully_vegan,2422639573,yes,(no website),"","",no,,"OSM diet:vegan="yes" | No website to scan",indian-royal-spicy-etterbeek
WRONG,3d054858-4c39-4ec4-a5f0-372174b530bf,"Vegan Butcher",Schaerbeek,fully_vegan,10012300961,only,200,"beef, chicken, bacon, sausage, chorizo, salami","entirely vegan",no,,"OSM diet:vegan="only" | Website mentions raw animal flesh: beef, chicken, bacon, sausage, chorizo | Website confirms vegan: entirely vegan",vegan-butcher
CONFIRMED,28b35501-0ef3-455b-bf3f-a49a3ef5ad9e,"De Frietdroom",Deinze,fully_vegan,9727612734,only,(no website),"","",no,,"OSM diet:vegan="only" | No website to scan",de-frietdroom-deinze
WRONG,0b63f428-9183-48a3-9b76-1b4740415983,"Vegan Butcher",Saint-Josse,fully_vegan,10012300961,only,200,"beef, chicken, bacon, sausage, chorizo, salami","entirely vegan",no,,"OSM diet:vegan="only" | Website mentions raw animal flesh: beef, chicken, bacon, sausage, chorizo | Website confirms vegan: entirely vegan",vegan-butcher-saint-josse
CONFIRMED,4add8d86-0cf0-495b-9dc0-2762302df562,"Taylor's",Brussels,fully_vegan,10079840715,only,200,"","",yes,,"OSM diet:vegan="only" | HappyCow lists as Vegan for this city",taylor-s-brussels
LIKELY,ce36924d-252b-46ec-8b97-6fcdfefc14fe,"Memorijs",Leuven,fully_vegan,,,200,"","",no,,"Not in HappyCow vegan list for this city",memorijs-leuven
CONFIRMED,6da3c349-9cef-4237-9804-98b22132fece,"Catberry",Ghent,fully_vegan,10295133531,only,200,"","",no,,"OSM diet:vegan="only" | Not in HappyCow vegan list for this city",catberry-gent
CONFIRMED,78f995e5-b72c-48cf-acd2-756bb785aa94,"La Pâtisserie Vegan",Liège,fully_vegan,9105067617,only,(no website),"","",no,,"OSM diet:vegan="only" | No website to scan | Not in HappyCow vegan list for this city",la-patisserie-vegan-liege
SUSPECT,a17c387a-9ada-455a-b58a-667a2bbeec8b,"Hart",Antwerp,fully_vegan,11912108464,only,200,"sausage, steak","",yes,,"OSM diet:vegan="only" | Website mentions raw animal flesh: sausage, steak | HappyCow lists as Vegan for this city",hart-antwerpen
CONFIRMED,a42010b5-7cc3-481d-811f-3ad9457de4a8,"Nöje",Schaerbeek,fully_vegan,12843842403,only,200,"","",no,,"OSM diet:vegan="only"",noje-schaerbeek
CONFIRMED,754ac501-bd92-472a-afe0-ce191b85e89a,"Gigkoftem",Antwerp,fully_vegan,11634940741,only,(no website),"","",no,,"OSM diet:vegan="only" | No website to scan | Not in HappyCow vegan list for this city",gigkoftem-antwerp
WRONG,c10c80db-b196-4335-9052-e4683b97dbd4,"Plant A Pizza",Ghent,fully_vegan,9740821856,only,200,"beef, lamb, shrimp, bacon","",yes,,"OSM diet:vegan="only" | Website mentions raw animal flesh: beef, lamb, shrimp, bacon | HappyCow lists as Vegan for this city",plant-a-pizza-gent
CONFIRMED,c75ee403-7ef9-4f77-b7be-777a264f3944,"Vegan Chouke",Brussels,fully_vegan,12354891130,only,(no website),"","",yes,,"OSM diet:vegan="only" | No website to scan | HappyCow lists as Vegan for this city",vegan-chouke-brussels
CONFIRMED,c9566b0f-9dc8-4f0f-9e4a-ff65e4994105,"Lokaal",Ghent,fully_vegan,12208404072,only,200,"","",yes,,"OSM diet:vegan="only" | HappyCow lists as Vegan for this city",lokaal-gent
CONFIRMED,d324c2fb-fd9d-4b23-a0fa-30899c8ae0a5,"Veganwaf'",Brussels,fully_vegan,11116448026,only,200,"","",no,,"OSM diet:vegan="only" | Not in HappyCow vegan list for this city",veganwaf-brussels
SUSPECT,34f6abf3-50a8-42ee-9840-a7fcf3510e20,"Fries and More Vegan",Brussels,fully_vegan,10848737060,yes,(no website),"","",no,,"OSM diet:vegan="yes" | No website to scan | Not in HappyCow vegan list for this city",fries-and-more-vegan-brussels
SUSPECT,655f285b-9623-4348-8ef6-e96df9737aa2,"Snack Sympa",Ixelles,fully_vegan,2441937856,yes,(no website),"","",no,,"OSM diet:vegan="yes" | No website to scan",snack-sympa-ixelles
CONFIRMED,bc0739a3-41cd-493d-9d01-9cea8dee9a35,"Lil Bao",Brussels,fully_vegan,10542820009,only,200,"","",yes,,"OSM diet:vegan="only" | HappyCow lists as Vegan for this city",lil-bao-brussels
CONFIRMED,ff71e469-87b0-40ad-bc65-0ede98cb40d6,"Fluffy Falafel",Kortrijk,fully_vegan,9884355995,only,200,"","",yes,,"OSM diet:vegan="only" | HappyCow lists as Vegan for this city",fluffy-falafel-kortrijk
SUSPECT,65dbb3b8-0032-4b86-bd35-d256ad5b20ac,"Planttrekkerij",Antwerp,fully_vegan,13607927401,yes,200,"","",yes,,"OSM diet:vegan="yes" | HappyCow lists as Vegan for this city",planttrekkerij-antwerp
SUSPECT,64c14715-a632-4e76-86aa-03ff44e61f4a,"Arya Bhavan",Saint-Gilles,fully_vegan,6648221262,yes,(no website),"","",no,,"OSM diet:vegan="yes" | No website to scan",arya-bhavan-saint-gilles
CONFIRMED,626113b7-4b6d-43f4-a345-fe27f6c376f3,"Ludo",Ghent,fully_vegan,5618349223,only,(no website),"","",yes,,"OSM diet:vegan="only" | No website to scan | HappyCow lists as Vegan for this city",ludo-gent
SUSPECT,c4810dca-687f-4bef-8261-1eed03557c4d,"Kawa Club",Watermael-Boitsfort,fully_vegan,13003858675,yes,200,"","",no,,"OSM diet:vegan="yes"",kawa-club-watermael-boitsfort-watermaal-bosvoorde
CONFIRMED,a9cc9635-9d30-4a17-93b5-e97b24f7ce0b,"Succulente",Anderlecht,fully_vegan,1321573466,only,200,"","",no,,"OSM diet:vegan="only"",succulente-anderlecht
CONFIRMED,41615f8f-4464-4036-beda-a1147a01b47f,"Soul Kitchen",Ghent,fully_vegan,5986142786,only,200,"","",yes,,"OSM diet:vegan="only" | HappyCow lists as Vegan for this city",soul-kitchen-gent
CONFIRMED,64d4f9b3-2e6a-4473-b1dc-ffdd71f4c6e9,"De Salopette",Ghent,fully_vegan,6942598387,only,200,"","",yes,,"OSM diet:vegan="only" | HappyCow lists as Vegan for this city",de-salopette-gent
CONFIRMED,79a17c30-87d6-4ffb-b4c5-9d0253c156c3,"Kato Gateaux",Mechelen,fully_vegan,10618574136,only,200,"","",yes,,"OSM diet:vegan="only" | HappyCow lists as Vegan for this city",kato-gateaux-mechelen
SUSPECT,38825dc3-3261-42a3-976b-855fdcd1daa5,"Buddy Buddy",Ixelles,fully_vegan,7976058340,only,200,"turkey","",no,,"OSM diet:vegan="only" | Website mentions raw animal flesh: turkey",buddy-buddy-ixelles
LIKELY,ff4ad527-c77e-4ae7-887b-45a4d6b0da17,"Moon Food",Brussels,fully_vegan,,,404,"","",no,,"Website unreachable: 404 | Not in HappyCow vegan list for this city",moon-food-brussels
SUSPECT,bbf70f22-efc3-44a9-82db-2bfe55ed7328,"L’Alchimiste",Saint-Gilles,fully_vegan,11649060382,only,200,"turkey","",no,,"OSM diet:vegan="only" | Website mentions raw animal flesh: turkey",l-alchimiste-saint-gilles
LIKELY,23723a7d-377e-4940-a2e7-72ce25fd0df2,"The Loving Hut",Leuven,fully_vegan,,,200,"","",no,,"Not in HappyCow vegan list for this city",the-loving-hut-leuven
SUSPECT,00e71d04-ec5c-44f1-926f-e26bc0c3b033,"CHYL",Brussels,fully_vegan,7099504885,yes,(no website),"","",no,,"OSM diet:vegan="yes" | No website to scan | Not in HappyCow vegan list for this city",chyl-brussels
SUSPECT,53cf989a-8e71-4d07-97ea-8a043d0510e9,"Noordoever",Leuven,fully_vegan,4076019914,yes,200,"","",no,,"OSM diet:vegan="yes" | Not in HappyCow vegan list for this city",noordoever-leuven
SUSPECT,e937b6cf-189b-4681-8a8c-f1c8dba4a482,"Mau Kattencafé",Genk,fully_vegan,,,200,"beef","",no,,"Website mentions raw animal flesh: beef",mau-kattencafe-genk
LIKELY,aed1151b-d0b6-463c-a47a-cdbe4dfa6e32,"And/or",Antwerp,fully_vegan,,,200,"","",yes,,"HappyCow lists as Vegan for this city",and-or-antwerp